# ************************************************************
# Sequel Pro SQL dump
# Version 4541
#
# http://www.sequelpro.com/
# https://github.com/sequelpro/sequelpro
#
# Host: 127.0.0.1 (MySQL 5.5.5-10.3.12-MariaDB-1:10.3.12+maria~bionic)
# Database: essentialmode
# Generation Time: 2020-05-25 12:12:44 +0000
# ************************************************************


/*!40101 SET @OLD_CHARACTER_SET_CLIENT=@@CHARACTER_SET_CLIENT */;
/*!40101 SET @OLD_CHARACTER_SET_RESULTS=@@CHARACTER_SET_RESULTS */;
/*!40101 SET @OLD_COLLATION_CONNECTION=@@COLLATION_CONNECTION */;
/*!40101 SET NAMES utf8 */;
/*!40014 SET @OLD_FOREIGN_KEY_CHECKS=@@FOREIGN_KEY_CHECKS, FOREIGN_KEY_CHECKS=0 */;
/*!40101 SET @OLD_SQL_MODE=@@SQL_MODE, SQL_MODE='NO_AUTO_VALUE_ON_ZERO' */;
/*!40111 SET @OLD_SQL_NOTES=@@SQL_NOTES, SQL_NOTES=0 */;


# Dump of table addon_account
# ------------------------------------------------------------

DROP TABLE IF EXISTS `addon_account`;

CREATE TABLE `addon_account` (
  `name` varchar(60) COLLATE utf8mb4_bin NOT NULL,
  `label` varchar(255) COLLATE utf8mb4_bin NOT NULL,
  `shared` int(11) NOT NULL,
  PRIMARY KEY (`name`)
) ENGINE=InnoDB DEFAULT CHARSET=utf8mb4 COLLATE=utf8mb4_bin;

LOCK TABLES `addon_account` WRITE;
/*!40000 ALTER TABLE `addon_account` DISABLE KEYS */;

INSERT INTO `addon_account` (`name`, `label`, `shared`)
VALUES
	(X'62616E6B5F736176696E6773',X'42616E6B20536176696E6773',0),
	(X'63617574696F6E',X'63617574696F6E',0),
	(X'70726F70657274795F626C61636B5F6D6F6E6579',X'4D6F6E65792053616C652050726F7065727479',0),
	(X'736F63696574795F616D62756C616E6365',X'454D53',1),
	(X'736F63696574795F62616E6B6572',X'42616E6B',1),
	(X'736F63696574795F6361726465616C6572',X'4361726465616C6572',1),
	(X'736F63696574795F6D656368616E6963',X'4D656368616E6963',1),
	(X'736F63696574795F706F6C696365',X'506F6C696365',1),
	(X'736F63696574795F7265616C6573746174656167656E74',X'5265616C2045737461746520436F6D70616E79',1),
	(X'736F63696574795F74617869',X'54617869',1);

/*!40000 ALTER TABLE `addon_account` ENABLE KEYS */;
UNLOCK TABLES;


# Dump of table addon_account_data
# ------------------------------------------------------------

DROP TABLE IF EXISTS `addon_account_data`;

CREATE TABLE `addon_account_data` (
  `id` int(11) NOT NULL AUTO_INCREMENT,
  `account_name` varchar(255) COLLATE utf8mb4_bin DEFAULT NULL,
  `money` double NOT NULL,
  `owner` varchar(255) COLLATE utf8mb4_bin DEFAULT NULL,
  PRIMARY KEY (`id`)
) ENGINE=InnoDB DEFAULT CHARSET=utf8mb4 COLLATE=utf8mb4_bin;

LOCK TABLES `addon_account_data` WRITE;
/*!40000 ALTER TABLE `addon_account_data` DISABLE KEYS */;

INSERT INTO `addon_account_data` (`id`, `account_name`, `money`, `owner`)
VALUES
	(1,X'736F63696574795F616D62756C616E6365',0,NULL),
	(2,X'736F63696574795F62616E6B6572',0,NULL),
	(3,X'736F63696574795F6361726465616C6572',0,NULL),
	(4,X'736F63696574795F6D656368616E6963',0,NULL),
	(5,X'736F63696574795F706F6C696365',0,NULL),
	(6,X'736F63696574795F7265616C6573746174656167656E74',0,NULL),
	(7,X'736F63696574795F74617869',0,NULL),
	(8,X'62616E6B5F736176696E6773',0,X'737465616D3A313130303030313033656461653163'),
	(9,X'63617574696F6E',0,X'737465616D3A313130303030313033656461653163'),
	(10,X'70726F70657274795F626C61636B5F6D6F6E6579',0,X'737465616D3A313130303030313033656461653163'),
	(11,X'70726F70657274795F626C61636B5F6D6F6E6579',0,X'737465616D3A313130303030313035663634633531'),
	(12,X'62616E6B5F736176696E6773',0,X'737465616D3A313130303030313035663634633531'),
	(13,X'63617574696F6E',0,X'737465616D3A313130303030313035663634633531');

/*!40000 ALTER TABLE `addon_account_data` ENABLE KEYS */;
UNLOCK TABLES;


# Dump of table addon_inventory
# ------------------------------------------------------------

DROP TABLE IF EXISTS `addon_inventory`;

CREATE TABLE `addon_inventory` (
  `name` varchar(60) COLLATE utf8mb4_bin NOT NULL,
  `label` varchar(255) COLLATE utf8mb4_bin NOT NULL,
  `shared` int(11) NOT NULL,
  PRIMARY KEY (`name`)
) ENGINE=InnoDB DEFAULT CHARSET=utf8mb4 COLLATE=utf8mb4_bin;

LOCK TABLES `addon_inventory` WRITE;
/*!40000 ALTER TABLE `addon_inventory` DISABLE KEYS */;

INSERT INTO `addon_inventory` (`name`, `label`, `shared`)
VALUES
	(X'70726F7065727479',X'50726F7065727479',0),
	(X'736F63696574795F616D62756C616E6365',X'454D53',1),
	(X'736F63696574795F6361726465616C6572',X'4361726465616C6572',1),
	(X'736F63696574795F6D656368616E6963',X'4D656368616E6963',1),
	(X'736F63696574795F706F6C696365',X'506F6C696365',1),
	(X'736F63696574795F74617869',X'54617869',1);

/*!40000 ALTER TABLE `addon_inventory` ENABLE KEYS */;
UNLOCK TABLES;


# Dump of table addon_inventory_items
# ------------------------------------------------------------

DROP TABLE IF EXISTS `addon_inventory_items`;

CREATE TABLE `addon_inventory_items` (
  `id` int(11) NOT NULL AUTO_INCREMENT,
  `inventory_name` varchar(255) COLLATE utf8mb4_bin NOT NULL,
  `name` varchar(255) COLLATE utf8mb4_bin NOT NULL,
  `count` int(11) NOT NULL,
  `owner` varchar(60) COLLATE utf8mb4_bin DEFAULT NULL,
  PRIMARY KEY (`id`)
) ENGINE=InnoDB DEFAULT CHARSET=utf8mb4 COLLATE=utf8mb4_bin;



# Dump of table billing
# ------------------------------------------------------------

DROP TABLE IF EXISTS `billing`;

CREATE TABLE `billing` (
  `id` int(11) NOT NULL AUTO_INCREMENT,
  `identifier` varchar(255) COLLATE utf8mb4_bin NOT NULL,
  `sender` varchar(255) COLLATE utf8mb4_bin NOT NULL,
  `target_type` varchar(50) COLLATE utf8mb4_bin NOT NULL,
  `target` varchar(255) COLLATE utf8mb4_bin NOT NULL,
  `label` varchar(255) COLLATE utf8mb4_bin NOT NULL,
  `amount` int(11) NOT NULL,
  PRIMARY KEY (`id`)
) ENGINE=InnoDB DEFAULT CHARSET=utf8mb4 COLLATE=utf8mb4_bin;



# Dump of table cardealer_vehicles
# ------------------------------------------------------------

DROP TABLE IF EXISTS `cardealer_vehicles`;

CREATE TABLE `cardealer_vehicles` (
  `id` int(11) NOT NULL AUTO_INCREMENT,
  `vehicle` varchar(255) COLLATE utf8mb4_bin NOT NULL,
  `price` int(11) NOT NULL,
  PRIMARY KEY (`id`)
) ENGINE=InnoDB DEFAULT CHARSET=utf8mb4 COLLATE=utf8mb4_bin;



# Dump of table characters
# ------------------------------------------------------------

DROP TABLE IF EXISTS `characters`;

CREATE TABLE `characters` (
  `id` int(11) NOT NULL AUTO_INCREMENT,
  `identifier` varchar(255) COLLATE utf8mb4_bin NOT NULL,
  `firstname` varchar(255) COLLATE utf8mb4_bin NOT NULL,
  `lastname` varchar(255) COLLATE utf8mb4_bin NOT NULL,
  `dateofbirth` varchar(255) COLLATE utf8mb4_bin NOT NULL,
  `sex` varchar(1) COLLATE utf8mb4_bin NOT NULL DEFAULT 'M',
  `height` varchar(128) COLLATE utf8mb4_bin NOT NULL,
  PRIMARY KEY (`id`)
) ENGINE=InnoDB DEFAULT CHARSET=utf8mb4 COLLATE=utf8mb4_bin;

LOCK TABLES `characters` WRITE;
/*!40000 ALTER TABLE `characters` DISABLE KEYS */;

INSERT INTO `characters` (`id`, `identifier`, `firstname`, `lastname`, `dateofbirth`, `sex`, `height`)
VALUES
	(3,X'737465616D3A313130303030313035663634633531',X'4563686F',X'54457374',X'313939392D30392D3230',X'6D',X'313830'),
	(4,X'737465616D3A313130303030313035663634633531',X'4563686F',X'54657374',X'313939392D30392D3039',X'6D',X'323030');

/*!40000 ALTER TABLE `characters` ENABLE KEYS */;
UNLOCK TABLES;


# Dump of table datastore
# ------------------------------------------------------------

DROP TABLE IF EXISTS `datastore`;

CREATE TABLE `datastore` (
  `name` varchar(60) COLLATE utf8mb4_bin NOT NULL,
  `label` varchar(255) COLLATE utf8mb4_bin NOT NULL,
  `shared` int(11) NOT NULL,
  PRIMARY KEY (`name`)
) ENGINE=InnoDB DEFAULT CHARSET=utf8mb4 COLLATE=utf8mb4_bin;

LOCK TABLES `datastore` WRITE;
/*!40000 ALTER TABLE `datastore` DISABLE KEYS */;

INSERT INTO `datastore` (`name`, `label`, `shared`)
VALUES
	(X'70726F7065727479',X'50726F7065727479',0),
	(X'736F63696574795F616D62756C616E6365',X'454D53',1),
	(X'736F63696574795F706F6C696365',X'506F6C696365',1),
	(X'736F63696574795F74617869',X'54617869',1),
	(X'757365725F65617273',X'45617273',0),
	(X'757365725F676C6173736573',X'476C6173736573',0),
	(X'757365725F68656C6D6574',X'48656C6D6574',0),
	(X'757365725F6D61736B',X'4D61736B',0);

/*!40000 ALTER TABLE `datastore` ENABLE KEYS */;
UNLOCK TABLES;


# Dump of table datastore_data
# ------------------------------------------------------------

DROP TABLE IF EXISTS `datastore_data`;

CREATE TABLE `datastore_data` (
  `id` int(11) NOT NULL AUTO_INCREMENT,
  `name` varchar(60) COLLATE utf8mb4_bin NOT NULL,
  `owner` varchar(60) COLLATE utf8mb4_bin DEFAULT NULL,
  `data` longtext COLLATE utf8mb4_bin DEFAULT NULL,
  PRIMARY KEY (`id`),
  UNIQUE KEY `unique_datastore_owner_name` (`owner`,`name`),
  KEY `index_datastore_name` (`name`)
) ENGINE=InnoDB DEFAULT CHARSET=utf8mb4 COLLATE=utf8mb4_bin;

LOCK TABLES `datastore_data` WRITE;
/*!40000 ALTER TABLE `datastore_data` DISABLE KEYS */;

INSERT INTO `datastore_data` (`id`, `name`, `owner`, `data`)
VALUES
	(1,X'736F63696574795F616D62756C616E6365',NULL,X'7B7D'),
	(2,X'736F63696574795F706F6C696365',NULL,X'7B7D'),
	(3,X'736F63696574795F74617869',NULL,X'7B7D'),
	(14,X'70726F7065727479',X'737465616D3A313130303030313035663634633531',X'7B7D'),
	(15,X'757365725F65617273',X'737465616D3A313130303030313035663634633531',X'7B7D'),
	(16,X'757365725F676C6173736573',X'737465616D3A313130303030313035663634633531',X'7B7D'),
	(17,X'757365725F68656C6D6574',X'737465616D3A313130303030313035663634633531',X'7B7D'),
	(18,X'757365725F6D61736B',X'737465616D3A313130303030313035663634633531',X'7B7D');

/*!40000 ALTER TABLE `datastore_data` ENABLE KEYS */;
UNLOCK TABLES;


# Dump of table fine_types
# ------------------------------------------------------------

DROP TABLE IF EXISTS `fine_types`;

CREATE TABLE `fine_types` (
  `id` int(11) NOT NULL AUTO_INCREMENT,
  `label` varchar(255) COLLATE utf8mb4_bin DEFAULT NULL,
  `amount` int(11) DEFAULT NULL,
  `category` int(11) DEFAULT NULL,
  PRIMARY KEY (`id`)
) ENGINE=InnoDB DEFAULT CHARSET=utf8mb4 COLLATE=utf8mb4_bin;

LOCK TABLES `fine_types` WRITE;
/*!40000 ALTER TABLE `fine_types` DISABLE KEYS */;

INSERT INTO `fine_types` (`id`, `label`, `amount`, `category`)
VALUES
	(1,X'4D6973757365206F66206120686F726E',30,0),
	(2,X'496C6C6567616C6C792043726F7373696E67206120636F6E74696E756F7573204C696E65',40,0),
	(3,X'44726976696E67206F6E207468652077726F6E672073696465206F662074686520726F6164',250,0),
	(4,X'496C6C6567616C20552D5475726E',250,0),
	(5,X'496C6C6567616C6C792044726976696E67204F66662D726F6164',170,0),
	(6,X'5265667573696E672061204C617766756C20436F6D6D616E64',30,0),
	(7,X'496C6C6567616C6C792053746F7070696E6720612056656869636C65',150,0),
	(8,X'496C6C6567616C205061726B696E67',70,0),
	(9,X'4661696C696E6720746F205969656C6420746F20746865207269676874',70,0),
	(10,X'4661696C75726520746F20636F6D706C7920776974682056656869636C6520496E666F726D6174696F6E',90,0),
	(11,X'4661696C696E6720746F2073746F7020617420612053746F70205369676E20',105,0),
	(12,X'4661696C696E6720746F2073746F70206174206120526564204C69676874',130,0),
	(13,X'496C6C6567616C2050617373696E67',100,0),
	(14,X'44726976696E6720616E20696C6C6567616C2056656869636C65',100,0),
	(15,X'44726976696E6720776974686F75742061204C6963656E7365',1500,0),
	(16,X'48697420616E642052756E',800,0),
	(17,X'457863656564696E6720537065656473204F766572203C2035206D7068',90,0),
	(18,X'457863656564696E6720537065656473204F76657220352D3135206D7068',120,0),
	(19,X'457863656564696E6720537065656473204F7665722031352D3330206D7068',180,0),
	(20,X'457863656564696E6720537065656473204F766572203E203330206D7068',300,0),
	(21,X'496D706564696E67207472616666696320666C6F77',110,1),
	(22,X'5075626C696320496E746F7869636174696F6E',90,1),
	(23,X'4469736F726465726C7920636F6E64756374',90,1),
	(24,X'4F62737472756374696F6E206F66204A757374696365',130,1),
	(25,X'496E73756C747320746F776172647320436976696C616E73',75,1),
	(26,X'44697372657370656374696E67206F6620616E204C454F',110,1),
	(27,X'56657262616C2054687265617420746F7761726473206120436976696C616E',90,1),
	(28,X'56657262616C2054687265617420746F776172647320616E204C454F',150,1),
	(29,X'50726F766964696E672046616C736520496E666F726D6174696F6E',250,1),
	(30,X'417474656D7074206F6620436F7272757074696F6E',1500,1),
	(31,X'4272616E64697368696E67206120776561706F6E20696E2063697479204C696D697473',120,2),
	(32,X'4272616E64697368696E672061204C657468616C20576561706F6E20696E2063697479204C696D697473',300,2),
	(33,X'4E6F204669726561726D73204C6963656E7365',600,2),
	(34,X'506F7373657373696F6E206F6620616E20496C6C6567616C20576561706F6E',700,2),
	(35,X'506F7373657373696F6E206F6620427572676C61727920546F6F6C73',300,2),
	(36,X'4772616E64205468656674204175746F',1800,2),
	(37,X'496E74656E7420746F2053656C6C2F4469737472756265206F6620616E20696C6C6567616C205375627374616E6365',1500,2),
	(38,X'467261627269636174696F6E206F6620616E20496C6C6567616C205375627374616E6365',1500,2),
	(39,X'506F7373657373696F6E206F6620616E20496C6C6567616C205375627374616E636520',650,2),
	(40,X'4B69646E617070696E67206F66206120436976696C616E',1500,2),
	(41,X'4B69646E617070696E67206F6620616E204C454F',2000,2),
	(42,X'526F6262657279',650,2),
	(43,X'41726D656420526F6262657279206F6620612053746F7265',650,2),
	(44,X'41726D656420526F6262657279206F6620612042616E6B',1500,2),
	(45,X'41737361756C74206F6E206120436976696C69616E',2000,3),
	(46,X'41737361756C74206F6620616E204C454F',2500,3),
	(47,X'417474656D7074206F66204D7572646572206F66206120436976696C69616E',3000,3),
	(48,X'417474656D7074206F66204D7572646572206F6620616E204C454F',5000,3),
	(49,X'4D7572646572206F66206120436976696C69616E',10000,3),
	(50,X'4D7572646572206F6620616E204C454F',30000,3),
	(51,X'496E766F6C756E74617279206D616E736C61756768746572',1800,3),
	(52,X'4672617564',2000,2);

/*!40000 ALTER TABLE `fine_types` ENABLE KEYS */;
UNLOCK TABLES;


# Dump of table items
# ------------------------------------------------------------

DROP TABLE IF EXISTS `items`;

CREATE TABLE `items` (
  `name` varchar(50) COLLATE utf8mb4_bin NOT NULL,
  `label` varchar(50) COLLATE utf8mb4_bin NOT NULL,
  `limit` int(11) NOT NULL DEFAULT -1,
  `rare` int(11) NOT NULL DEFAULT 0,
  `can_remove` int(11) NOT NULL DEFAULT 1,
  PRIMARY KEY (`name`)
) ENGINE=InnoDB DEFAULT CHARSET=utf8mb4 COLLATE=utf8mb4_bin;

LOCK TABLES `items` WRITE;
/*!40000 ALTER TABLE `items` DISABLE KEYS */;

INSERT INTO `items` (`name`, `label`, `limit`, `rare`, `can_remove`)
VALUES
	(X'616C6976655F636869636B656E',X'6C6976696E6720636869636B656E',20,0,1),
	(X'62616E64616765',X'42616E64616765',20,0,1),
	(X'626C6F7770697065',X'426C6F77746F726368',10,0,1),
	(X'6272656164',X'4272656164',10,0,1),
	(X'63616E6E61626973',X'43616E6E61626973',40,0,1),
	(X'6361726F6B6974',X'426F6479204B6974',3,0,1),
	(X'6361726F746F6F6C',X'546F6F6C73',4,0,1),
	(X'6368656D6963616C73',X'4368656D6963616C73',100,0,1),
	(X'6368656D6963616C736C6973656E6365',X'4368656D6963616C73206C6963656E7365',1,0,1),
	(X'636C6F746865',X'636C6F7468',40,0,1),
	(X'636F63615F6C656166',X'436F6361204C656166',40,0,1),
	(X'636F6B65',X'436F6B65',40,0,1),
	(X'636F70706572',X'636F70706572',56,0,1),
	(X'6375747465645F776F6F64',X'63757420776F6F64',20,0,1),
	(X'6469616D6F6E64',X'6469616D6F6E64',50,0,1),
	(X'657373656E6365',X'676173',24,0,1),
	(X'666162726963',X'666162726963',80,0,1),
	(X'66697368',X'66697368',100,0,1),
	(X'6669786B6974',X'526570616972204B6974',5,0,1),
	(X'666978746F6F6C',X'52657061697220546F6F6C73',6,0,1),
	(X'67617A626F74746C65',X'47617320426F74746C65',11,0,1),
	(X'676F6C64',X'676F6C64',21,0,1),
	(X'6865726F696E',X'4865726F696E',80,0,1),
	(X'687964726F63686C6F7269635F61636964',X'487964726F43686C6F7269632041636964',15,0,1),
	(X'69726F6E',X'69726F6E',42,0,1),
	(X'6C7361',X'4C5341',100,0,1),
	(X'6C7364',X'4C5344',100,0,1),
	(X'6D6172696A75616E61',X'4D6172696A75616E61',14,0,1),
	(X'6D6564696B6974',X'4D6564696B6974',5,0,1),
	(X'6D657468',X'4D657468',30,0,1),
	(X'6D6F6E657977617368',X'4D6F6E657957617368204C6963656E7365',1,0,1),
	(X'7061636B616765645F636869636B656E',X'636869636B656E2066696C6C6574',100,0,1),
	(X'7061636B616765645F706C616E6B',X'7061636B6167656420776F6F64',100,0,1),
	(X'706574726F6C',X'6F696C',24,0,1),
	(X'706574726F6C5F72616666696E',X'70726F636573736564206F696C',24,0,1),
	(X'706F707079726573696E',X'506F70707920526573696E',160,0,1),
	(X'736C6175676874657265645F636869636B656E',X'736C61756768746572656420636869636B656E',20,0,1),
	(X'736F6469756D5F687964726F78696465',X'536F6469756D20487964726F78696465',15,0,1),
	(X'73746F6E65',X'73746F6E65',7,0,1),
	(X'73756C66757269635F61636964',X'53756C66757269632041636964',15,0,1),
	(X'7468696F6E796C5F63686C6F72696465',X'5468696F6E796C2043686C6F72696465',100,0,1),
	(X'7761736865645F73746F6E65',X'7761736865642073746F6E65',7,0,1),
	(X'7761746572',X'5761746572',5,0,1),
	(X'776F6F64',X'776F6F64',20,0,1),
	(X'776F6F6C',X'776F6F6C',40,0,1);

/*!40000 ALTER TABLE `items` ENABLE KEYS */;
UNLOCK TABLES;


# Dump of table job_grades
# ------------------------------------------------------------

DROP TABLE IF EXISTS `job_grades`;

CREATE TABLE `job_grades` (
  `id` int(11) NOT NULL AUTO_INCREMENT,
  `job_name` varchar(50) COLLATE utf8mb4_bin DEFAULT NULL,
  `grade` int(11) NOT NULL,
  `name` varchar(50) COLLATE utf8mb4_bin NOT NULL,
  `label` varchar(50) COLLATE utf8mb4_bin NOT NULL,
  `salary` int(11) NOT NULL,
  `skin_male` longtext COLLATE utf8mb4_bin NOT NULL,
  `skin_female` longtext COLLATE utf8mb4_bin NOT NULL,
  PRIMARY KEY (`id`)
) ENGINE=InnoDB DEFAULT CHARSET=utf8mb4 COLLATE=utf8mb4_bin;

LOCK TABLES `job_grades` WRITE;
/*!40000 ALTER TABLE `job_grades` DISABLE KEYS */;

INSERT INTO `job_grades` (`id`, `job_name`, `grade`, `name`, `label`, `salary`, `skin_male`, `skin_female`)
VALUES
	(1,X'756E656D706C6F796564',0,X'756E656D706C6F796564',X'556E656D706C6F796564',200,X'7B7D',X'7B7D'),
	(2,X'6C756D6265726A61636B',0,X'656D706C6F796565',X'456D706C6F796565',0,X'7B7D',X'7B7D'),
	(3,X'6669736865726D616E',0,X'656D706C6F796565',X'456D706C6F796565',0,X'7B7D',X'7B7D'),
	(4,X'6675656C6572',0,X'656D706C6F796565',X'456D706C6F796565',0,X'7B7D',X'7B7D'),
	(5,X'7265706F72746572',0,X'656D706C6F796565',X'456D706C6F796565',0,X'7B7D',X'7B7D'),
	(6,X'7461696C6F72',0,X'656D706C6F796565',X'456D706C6F796565',0,X'7B226D61736B5F31223A302C2261726D73223A312C22676C61737365735F31223A302C22686169725F636F6C6F725F32223A342C226D616B6575705F31223A302C2266616365223A31392C22676C6173736573223A302C226D61736B5F32223A302C226D616B6575705F33223A302C22736B696E223A32392C2268656C6D65745F32223A302C226C6970737469636B5F34223A302C22736578223A302C22746F72736F5F31223A32342C226D616B6575705F32223A302C22626167735F32223A302C22636861696E5F32223A302C22656172735F31223A2D312C22626167735F31223A302C226270726F6F665F31223A302C2273686F65735F32223A302C226C6970737469636B5F32223A302C22636861696E5F31223A302C227473686972745F31223A302C2265796562726F77735F33223A302C2270616E74735F32223A302C2262656172645F34223A302C22746F72736F5F32223A302C2262656172645F32223A362C22656172735F32223A302C22686169725F32223A302C2273686F65735F31223A33362C227473686972745F32223A302C2262656172645F33223A302C22686169725F31223A322C22686169725F636F6C6F725F31223A302C2270616E74735F31223A34382C2268656C6D65745F31223A2D312C226270726F6F665F32223A302C2265796562726F77735F34223A302C2265796562726F77735F32223A302C22646563616C735F31223A302C226167655F32223A302C2262656172645F31223A352C2273686F6573223A31302C226C6970737469636B5F31223A302C2265796562726F77735F31223A302C22676C61737365735F32223A302C226D616B6575705F34223A302C22646563616C735F32223A302C226C6970737469636B5F33223A302C226167655F31223A307D',X'7B226D61736B5F31223A302C2261726D73223A352C22676C61737365735F31223A352C22686169725F636F6C6F725F32223A342C226D616B6575705F31223A302C2266616365223A31392C22676C6173736573223A302C226D61736B5F32223A302C226D616B6575705F33223A302C22736B696E223A32392C2268656C6D65745F32223A302C226C6970737469636B5F34223A302C22736578223A312C22746F72736F5F31223A35322C226D616B6575705F32223A302C22626167735F32223A302C22636861696E5F32223A302C22656172735F31223A2D312C22626167735F31223A302C226270726F6F665F31223A302C2273686F65735F32223A312C226C6970737469636B5F32223A302C22636861696E5F31223A302C227473686972745F31223A32332C2265796562726F77735F33223A302C2270616E74735F32223A302C2262656172645F34223A302C22746F72736F5F32223A302C2262656172645F32223A362C22656172735F32223A302C22686169725F32223A302C2273686F65735F31223A34322C227473686972745F32223A342C2262656172645F33223A302C22686169725F31223A322C22686169725F636F6C6F725F31223A302C2270616E74735F31223A33362C2268656C6D65745F31223A2D312C226270726F6F665F32223A302C2265796562726F77735F34223A302C2265796562726F77735F32223A302C22646563616C735F31223A302C226167655F32223A302C2262656172645F31223A352C2273686F6573223A31302C226C6970737469636B5F31223A302C2265796562726F77735F31223A302C22676C61737365735F32223A302C226D616B6575705F34223A302C22646563616C735F32223A302C226C6970737469636B5F33223A302C226167655F31223A307D'),
	(7,X'6D696E6572',0,X'656D706C6F796565',X'456D706C6F796565',0,X'7B227473686972745F32223A312C22656172735F31223A382C22676C61737365735F31223A31352C22746F72736F5F32223A302C22656172735F32223A322C22676C61737365735F32223A332C2273686F65735F32223A312C2270616E74735F31223A37352C2273686F65735F31223A35312C22626167735F31223A302C2268656C6D65745F32223A302C2270616E74735F32223A372C22746F72736F5F31223A37312C227473686972745F31223A35392C2261726D73223A322C22626167735F32223A302C2268656C6D65745F31223A307D',X'7B7D'),
	(8,X'736C617567687465726572',0,X'656D706C6F796565',X'456D706C6F796565',0,X'7B226167655F31223A302C22676C61737365735F32223A302C2262656172645F31223A352C22646563616C735F32223A302C2262656172645F34223A302C2273686F65735F32223A302C227473686972745F32223A302C226C6970737469636B5F32223A302C22686169725F32223A302C2261726D73223A36372C2270616E74735F31223A33362C22736B696E223A32392C2265796562726F77735F32223A302C2273686F6573223A31302C2268656C6D65745F31223A2D312C226C6970737469636B5F31223A302C2268656C6D65745F32223A302C22686169725F636F6C6F725F31223A302C22676C6173736573223A302C226D616B6575705F34223A302C226D616B6575705F31223A302C22686169725F31223A322C226270726F6F665F31223A302C22626167735F31223A302C226D61736B5F31223A302C226C6970737469636B5F33223A302C22636861696E5F31223A302C2265796562726F77735F34223A302C22736578223A302C22746F72736F5F31223A35362C2262656172645F32223A362C2273686F65735F31223A31322C22646563616C735F31223A302C2266616365223A31392C226C6970737469636B5F34223A302C227473686972745F31223A31352C226D61736B5F32223A302C226167655F32223A302C2265796562726F77735F33223A302C22636861696E5F32223A302C22676C61737365735F31223A302C22656172735F31223A2D312C22626167735F32223A302C22656172735F32223A302C22746F72736F5F32223A302C226270726F6F665F32223A302C226D616B6575705F32223A302C2265796562726F77735F31223A302C226D616B6575705F33223A302C2270616E74735F32223A302C2262656172645F33223A302C22686169725F636F6C6F725F32223A347D',X'7B226167655F31223A302C22676C61737365735F32223A302C2262656172645F31223A352C22646563616C735F32223A302C2262656172645F34223A302C2273686F65735F32223A302C227473686972745F32223A302C226C6970737469636B5F32223A302C22686169725F32223A302C2261726D73223A37322C2270616E74735F31223A34352C22736B696E223A32392C2265796562726F77735F32223A302C2273686F6573223A31302C2268656C6D65745F31223A2D312C226C6970737469636B5F31223A302C2268656C6D65745F32223A302C22686169725F636F6C6F725F31223A302C22676C6173736573223A302C226D616B6575705F34223A302C226D616B6575705F31223A302C22686169725F31223A322C226270726F6F665F31223A302C22626167735F31223A302C226D61736B5F31223A302C226C6970737469636B5F33223A302C22636861696E5F31223A302C2265796562726F77735F34223A302C22736578223A312C22746F72736F5F31223A34392C2262656172645F32223A362C2273686F65735F31223A32342C22646563616C735F31223A302C2266616365223A31392C226C6970737469636B5F34223A302C227473686972745F31223A392C226D61736B5F32223A302C226167655F32223A302C2265796562726F77735F33223A302C22636861696E5F32223A302C22676C61737365735F31223A352C22656172735F31223A2D312C22626167735F32223A302C22656172735F32223A302C22746F72736F5F32223A302C226270726F6F665F32223A302C226D616B6575705F32223A302C2265796562726F77735F31223A302C226D616B6575705F33223A302C2270616E74735F32223A302C2262656172645F33223A302C22686169725F636F6C6F725F32223A347D'),
	(9,X'74617869',0,X'726563727565',X'52656372756974',12,X'7B22686169725F32223A302C22686169725F636F6C6F725F32223A302C22746F72736F5F31223A33322C22626167735F31223A302C2268656C6D65745F32223A302C22636861696E5F32223A302C2265796562726F77735F33223A302C226D616B6575705F33223A302C226D616B6575705F32223A302C227473686972745F31223A33312C226D616B6575705F31223A302C22626167735F32223A302C226D616B6575705F34223A302C2265796562726F77735F34223A302C22636861696E5F31223A302C226C6970737469636B5F34223A302C226270726F6F665F32223A302C22686169725F636F6C6F725F31223A302C22646563616C735F32223A302C2270616E74735F32223A302C226167655F32223A302C22676C61737365735F32223A302C22656172735F32223A302C2261726D73223A32372C226C6970737469636B5F31223A302C22656172735F31223A2D312C226D61736B5F32223A302C22736578223A302C226C6970737469636B5F33223A302C2268656C6D65745F31223A2D312C2273686F65735F32223A302C2262656172645F32223A302C2262656172645F31223A302C226C6970737469636B5F32223A302C2262656172645F34223A302C22676C61737365735F31223A302C226270726F6F665F31223A302C226D61736B5F31223A302C22646563616C735F31223A312C22686169725F31223A302C2265796562726F77735F32223A302C2262656172645F33223A302C226167655F31223A302C227473686972745F32223A302C22736B696E223A302C22746F72736F5F32223A302C2265796562726F77735F31223A302C2266616365223A302C2273686F65735F31223A31302C2270616E74735F31223A32347D',X'7B22686169725F32223A302C22686169725F636F6C6F725F32223A302C22746F72736F5F31223A35372C22626167735F31223A302C2268656C6D65745F32223A302C22636861696E5F32223A302C2265796562726F77735F33223A302C226D616B6575705F33223A302C226D616B6575705F32223A302C227473686972745F31223A33382C226D616B6575705F31223A302C22626167735F32223A302C226D616B6575705F34223A302C2265796562726F77735F34223A302C22636861696E5F31223A302C226C6970737469636B5F34223A302C226270726F6F665F32223A302C22686169725F636F6C6F725F31223A302C22646563616C735F32223A302C2270616E74735F32223A312C226167655F32223A302C22676C61737365735F32223A302C22656172735F32223A302C2261726D73223A32312C226C6970737469636B5F31223A302C22656172735F31223A2D312C226D61736B5F32223A302C22736578223A312C226C6970737469636B5F33223A302C2268656C6D65745F31223A2D312C2273686F65735F32223A302C2262656172645F32223A302C2262656172645F31223A302C226C6970737469636B5F32223A302C2262656172645F34223A302C22676C61737365735F31223A352C226270726F6F665F31223A302C226D61736B5F31223A302C22646563616C735F31223A312C22686169725F31223A302C2265796562726F77735F32223A302C2262656172645F33223A302C226167655F31223A302C227473686972745F32223A302C22736B696E223A302C22746F72736F5F32223A302C2265796562726F77735F31223A302C2266616365223A302C2273686F65735F31223A34392C2270616E74735F31223A31317D'),
	(10,X'74617869',1,X'6E6F76696365',X'4361626279',24,X'7B22686169725F32223A302C22686169725F636F6C6F725F32223A302C22746F72736F5F31223A33322C22626167735F31223A302C2268656C6D65745F32223A302C22636861696E5F32223A302C2265796562726F77735F33223A302C226D616B6575705F33223A302C226D616B6575705F32223A302C227473686972745F31223A33312C226D616B6575705F31223A302C22626167735F32223A302C226D616B6575705F34223A302C2265796562726F77735F34223A302C22636861696E5F31223A302C226C6970737469636B5F34223A302C226270726F6F665F32223A302C22686169725F636F6C6F725F31223A302C22646563616C735F32223A302C2270616E74735F32223A302C226167655F32223A302C22676C61737365735F32223A302C22656172735F32223A302C2261726D73223A32372C226C6970737469636B5F31223A302C22656172735F31223A2D312C226D61736B5F32223A302C22736578223A302C226C6970737469636B5F33223A302C2268656C6D65745F31223A2D312C2273686F65735F32223A302C2262656172645F32223A302C2262656172645F31223A302C226C6970737469636B5F32223A302C2262656172645F34223A302C22676C61737365735F31223A302C226270726F6F665F31223A302C226D61736B5F31223A302C22646563616C735F31223A312C22686169725F31223A302C2265796562726F77735F32223A302C2262656172645F33223A302C226167655F31223A302C227473686972745F32223A302C22736B696E223A302C22746F72736F5F32223A302C2265796562726F77735F31223A302C2266616365223A302C2273686F65735F31223A31302C2270616E74735F31223A32347D',X'7B22686169725F32223A302C22686169725F636F6C6F725F32223A302C22746F72736F5F31223A35372C22626167735F31223A302C2268656C6D65745F32223A302C22636861696E5F32223A302C2265796562726F77735F33223A302C226D616B6575705F33223A302C226D616B6575705F32223A302C227473686972745F31223A33382C226D616B6575705F31223A302C22626167735F32223A302C226D616B6575705F34223A302C2265796562726F77735F34223A302C22636861696E5F31223A302C226C6970737469636B5F34223A302C226270726F6F665F32223A302C22686169725F636F6C6F725F31223A302C22646563616C735F32223A302C2270616E74735F32223A312C226167655F32223A302C22676C61737365735F32223A302C22656172735F32223A302C2261726D73223A32312C226C6970737469636B5F31223A302C22656172735F31223A2D312C226D61736B5F32223A302C22736578223A312C226C6970737469636B5F33223A302C2268656C6D65745F31223A2D312C2273686F65735F32223A302C2262656172645F32223A302C2262656172645F31223A302C226C6970737469636B5F32223A302C2262656172645F34223A302C22676C61737365735F31223A352C226270726F6F665F31223A302C226D61736B5F31223A302C22646563616C735F31223A312C22686169725F31223A302C2265796562726F77735F32223A302C2262656172645F33223A302C226167655F31223A302C227473686972745F32223A302C22736B696E223A302C22746F72736F5F32223A302C2265796562726F77735F31223A302C2266616365223A302C2273686F65735F31223A34392C2270616E74735F31223A31317D'),
	(11,X'74617869',2,X'6578706572696D656E7465',X'457870657269656E636564',36,X'7B22686169725F32223A302C22686169725F636F6C6F725F32223A302C22746F72736F5F31223A32362C22626167735F31223A302C2268656C6D65745F32223A302C22636861696E5F32223A302C2265796562726F77735F33223A302C226D616B6575705F33223A302C226D616B6575705F32223A302C227473686972745F31223A35372C226D616B6575705F31223A302C22626167735F32223A302C226D616B6575705F34223A302C2265796562726F77735F34223A302C22636861696E5F31223A302C226C6970737469636B5F34223A302C226270726F6F665F32223A302C22686169725F636F6C6F725F31223A302C22646563616C735F32223A302C2270616E74735F32223A342C226167655F32223A302C22676C61737365735F32223A302C22656172735F32223A302C2261726D73223A31312C226C6970737469636B5F31223A302C22656172735F31223A2D312C226D61736B5F32223A302C22736578223A302C226C6970737469636B5F33223A302C2268656C6D65745F31223A2D312C2273686F65735F32223A302C2262656172645F32223A302C2262656172645F31223A302C226C6970737469636B5F32223A302C2262656172645F34223A302C22676C61737365735F31223A302C226270726F6F665F31223A302C226D61736B5F31223A302C22646563616C735F31223A302C22686169725F31223A302C2265796562726F77735F32223A302C2262656172645F33223A302C226167655F31223A302C227473686972745F32223A302C22736B696E223A302C22746F72736F5F32223A302C2265796562726F77735F31223A302C2266616365223A302C2273686F65735F31223A31302C2270616E74735F31223A32347D',X'7B22686169725F32223A302C22686169725F636F6C6F725F32223A302C22746F72736F5F31223A35372C22626167735F31223A302C2268656C6D65745F32223A302C22636861696E5F32223A302C2265796562726F77735F33223A302C226D616B6575705F33223A302C226D616B6575705F32223A302C227473686972745F31223A33382C226D616B6575705F31223A302C22626167735F32223A302C226D616B6575705F34223A302C2265796562726F77735F34223A302C22636861696E5F31223A302C226C6970737469636B5F34223A302C226270726F6F665F32223A302C22686169725F636F6C6F725F31223A302C22646563616C735F32223A302C2270616E74735F32223A312C226167655F32223A302C22676C61737365735F32223A302C22656172735F32223A302C2261726D73223A32312C226C6970737469636B5F31223A302C22656172735F31223A2D312C226D61736B5F32223A302C22736578223A312C226C6970737469636B5F33223A302C2268656C6D65745F31223A2D312C2273686F65735F32223A302C2262656172645F32223A302C2262656172645F31223A302C226C6970737469636B5F32223A302C2262656172645F34223A302C22676C61737365735F31223A352C226270726F6F665F31223A302C226D61736B5F31223A302C22646563616C735F31223A312C22686169725F31223A302C2265796562726F77735F32223A302C2262656172645F33223A302C226167655F31223A302C227473686972745F32223A302C22736B696E223A302C22746F72736F5F32223A302C2265796562726F77735F31223A302C2266616365223A302C2273686F65735F31223A34392C2270616E74735F31223A31317D'),
	(12,X'74617869',3,X'75626572',X'55626572204361626279',48,X'7B22686169725F32223A302C22686169725F636F6C6F725F32223A302C22746F72736F5F31223A32362C22626167735F31223A302C2268656C6D65745F32223A302C22636861696E5F32223A302C2265796562726F77735F33223A302C226D616B6575705F33223A302C226D616B6575705F32223A302C227473686972745F31223A35372C226D616B6575705F31223A302C22626167735F32223A302C226D616B6575705F34223A302C2265796562726F77735F34223A302C22636861696E5F31223A302C226C6970737469636B5F34223A302C226270726F6F665F32223A302C22686169725F636F6C6F725F31223A302C22646563616C735F32223A302C2270616E74735F32223A342C226167655F32223A302C22676C61737365735F32223A302C22656172735F32223A302C2261726D73223A31312C226C6970737469636B5F31223A302C22656172735F31223A2D312C226D61736B5F32223A302C22736578223A302C226C6970737469636B5F33223A302C2268656C6D65745F31223A2D312C2273686F65735F32223A302C2262656172645F32223A302C2262656172645F31223A302C226C6970737469636B5F32223A302C2262656172645F34223A302C22676C61737365735F31223A302C226270726F6F665F31223A302C226D61736B5F31223A302C22646563616C735F31223A302C22686169725F31223A302C2265796562726F77735F32223A302C2262656172645F33223A302C226167655F31223A302C227473686972745F32223A302C22736B696E223A302C22746F72736F5F32223A302C2265796562726F77735F31223A302C2266616365223A302C2273686F65735F31223A31302C2270616E74735F31223A32347D',X'7B22686169725F32223A302C22686169725F636F6C6F725F32223A302C22746F72736F5F31223A35372C22626167735F31223A302C2268656C6D65745F32223A302C22636861696E5F32223A302C2265796562726F77735F33223A302C226D616B6575705F33223A302C226D616B6575705F32223A302C227473686972745F31223A33382C226D616B6575705F31223A302C22626167735F32223A302C226D616B6575705F34223A302C2265796562726F77735F34223A302C22636861696E5F31223A302C226C6970737469636B5F34223A302C226270726F6F665F32223A302C22686169725F636F6C6F725F31223A302C22646563616C735F32223A302C2270616E74735F32223A312C226167655F32223A302C22676C61737365735F32223A302C22656172735F32223A302C2261726D73223A32312C226C6970737469636B5F31223A302C22656172735F31223A2D312C226D61736B5F32223A302C22736578223A312C226C6970737469636B5F33223A302C2268656C6D65745F31223A2D312C2273686F65735F32223A302C2262656172645F32223A302C2262656172645F31223A302C226C6970737469636B5F32223A302C2262656172645F34223A302C22676C61737365735F31223A352C226270726F6F665F31223A302C226D61736B5F31223A302C22646563616C735F31223A312C22686169725F31223A302C2265796562726F77735F32223A302C2262656172645F33223A302C226167655F31223A302C227473686972745F32223A302C22736B696E223A302C22746F72736F5F32223A302C2265796562726F77735F31223A302C2266616365223A302C2273686F65735F31223A34392C2270616E74735F31223A31317D'),
	(13,X'74617869',4,X'626F7373',X'4C656164204361626279',0,X'7B22686169725F32223A302C22686169725F636F6C6F725F32223A302C22746F72736F5F31223A32392C22626167735F31223A302C2268656C6D65745F32223A302C22636861696E5F32223A302C2265796562726F77735F33223A302C226D616B6575705F33223A302C226D616B6575705F32223A302C227473686972745F31223A33312C226D616B6575705F31223A302C22626167735F32223A302C226D616B6575705F34223A302C2265796562726F77735F34223A302C22636861696E5F31223A302C226C6970737469636B5F34223A302C226270726F6F665F32223A302C22686169725F636F6C6F725F31223A302C22646563616C735F32223A302C2270616E74735F32223A342C226167655F32223A302C22676C61737365735F32223A302C22656172735F32223A302C2261726D73223A312C226C6970737469636B5F31223A302C22656172735F31223A2D312C226D61736B5F32223A302C22736578223A302C226C6970737469636B5F33223A302C2268656C6D65745F31223A2D312C2273686F65735F32223A302C2262656172645F32223A302C2262656172645F31223A302C226C6970737469636B5F32223A302C2262656172645F34223A302C22676C61737365735F31223A302C226270726F6F665F31223A302C226D61736B5F31223A302C22646563616C735F31223A302C22686169725F31223A302C2265796562726F77735F32223A302C2262656172645F33223A302C226167655F31223A302C227473686972745F32223A302C22736B696E223A302C22746F72736F5F32223A342C2265796562726F77735F31223A302C2266616365223A302C2273686F65735F31223A31302C2270616E74735F31223A32347D',X'7B22686169725F32223A302C22686169725F636F6C6F725F32223A302C22746F72736F5F31223A35372C22626167735F31223A302C2268656C6D65745F32223A302C22636861696E5F32223A302C2265796562726F77735F33223A302C226D616B6575705F33223A302C226D616B6575705F32223A302C227473686972745F31223A33382C226D616B6575705F31223A302C22626167735F32223A302C226D616B6575705F34223A302C2265796562726F77735F34223A302C22636861696E5F31223A302C226C6970737469636B5F34223A302C226270726F6F665F32223A302C22686169725F636F6C6F725F31223A302C22646563616C735F32223A302C2270616E74735F32223A312C226167655F32223A302C22676C61737365735F32223A302C22656172735F32223A302C2261726D73223A32312C226C6970737469636B5F31223A302C22656172735F31223A2D312C226D61736B5F32223A302C22736578223A312C226C6970737469636B5F33223A302C2268656C6D65745F31223A2D312C2273686F65735F32223A302C2262656172645F32223A302C2262656172645F31223A302C226C6970737469636B5F32223A302C2262656172645F34223A302C22676C61737365735F31223A352C226270726F6F665F31223A302C226D61736B5F31223A302C22646563616C735F31223A312C22686169725F31223A302C2265796562726F77735F32223A302C2262656172645F33223A302C226167655F31223A302C227473686972745F32223A302C22736B696E223A302C22746F72736F5F32223A302C2265796562726F77735F31223A302C2266616365223A302C2273686F65735F31223A34392C2270616E74735F31223A31317D'),
	(14,X'6D656368616E6963',0,X'726563727565',X'52656372756974',12,X'7B7D',X'7B7D'),
	(15,X'6D656368616E6963',1,X'6E6F76696365',X'4E6F76696365',24,X'7B7D',X'7B7D'),
	(16,X'6D656368616E6963',2,X'6578706572696D656E7465',X'457870657269656E636564',36,X'7B7D',X'7B7D'),
	(17,X'6D656368616E6963',3,X'6368696566',X'4C6561646572',48,X'7B7D',X'7B7D'),
	(18,X'6D656368616E6963',4,X'626F7373',X'426F7373',0,X'7B7D',X'7B7D'),
	(19,X'706F6C696365',0,X'72656372756974',X'52656372756974',20,X'7B7D',X'7B7D'),
	(20,X'706F6C696365',1,X'6F666669636572',X'4F666669636572',40,X'7B7D',X'7B7D'),
	(21,X'706F6C696365',2,X'7365726765616E74',X'5365726765616E74',60,X'7B7D',X'7B7D'),
	(22,X'706F6C696365',3,X'6C69657574656E616E74',X'4C69657574656E616E74',85,X'7B7D',X'7B7D'),
	(23,X'706F6C696365',4,X'626F7373',X'4368696566',100,X'7B7D',X'7B7D'),
	(24,X'7265616C6573746174656167656E74',0,X'6C6F636174696F6E',X'52656E74696E67204167656E74',10,X'7B7D',X'7B7D'),
	(25,X'7265616C6573746174656167656E74',1,X'76656E64657572',X'4167656E74',25,X'7B7D',X'7B7D'),
	(26,X'7265616C6573746174656167656E74',2,X'67657374696F6E',X'4D616E6167656D656E74',40,X'7B7D',X'7B7D'),
	(27,X'7265616C6573746174656167656E74',3,X'626F7373',X'42726F6B6572',0,X'7B7D',X'7B7D'),
	(28,X'62616E6B6572',0,X'61647669736F72',X'41647669736F72',10,X'7B7D',X'7B7D'),
	(29,X'62616E6B6572',1,X'62616E6B6572',X'42616E6B6572',20,X'7B7D',X'7B7D'),
	(30,X'62616E6B6572',2,X'627573696E6573735F62616E6B6572',X'427573696E6573732042616E6B6572',30,X'7B7D',X'7B7D'),
	(31,X'62616E6B6572',3,X'747261646572',X'547261646572',40,X'7B7D',X'7B7D'),
	(32,X'62616E6B6572',4,X'626F7373',X'4C6561642042616E6B6572',0,X'7B7D',X'7B7D'),
	(33,X'616D62756C616E6365',0,X'616D62756C616E6365',X'4A722E20454D54',20,X'7B227473686972745F32223A302C22686169725F636F6C6F725F31223A352C22676C61737365735F32223A332C2273686F6573223A392C22746F72736F5F32223A332C22686169725F636F6C6F725F32223A302C2270616E74735F31223A32342C22676C61737365735F31223A342C22686169725F31223A322C22736578223A302C22646563616C735F32223A302C227473686972745F31223A31352C2268656C6D65745F31223A382C2268656C6D65745F32223A302C2261726D73223A39322C2266616365223A31392C22646563616C735F31223A36302C22746F72736F5F31223A31332C22686169725F32223A302C22736B696E223A33342C2270616E74735F32223A357D',X'7B227473686972745F32223A332C22646563616C735F32223A302C22676C6173736573223A302C22686169725F31223A322C22746F72736F5F31223A37332C2273686F6573223A312C22686169725F636F6C6F725F32223A302C22676C61737365735F31223A31392C22736B696E223A31332C2266616365223A362C2270616E74735F32223A352C227473686972745F31223A37352C2270616E74735F31223A33372C2268656C6D65745F31223A35372C22746F72736F5F32223A302C2261726D73223A31342C22736578223A312C22676C61737365735F32223A302C22646563616C735F31223A302C22686169725F32223A302C2268656C6D65745F32223A302C22686169725F636F6C6F725F31223A307D'),
	(34,X'616D62756C616E6365',1,X'646F63746F72',X'454D54',40,X'7B227473686972745F32223A302C22686169725F636F6C6F725F31223A352C22676C61737365735F32223A332C2273686F6573223A392C22746F72736F5F32223A332C22686169725F636F6C6F725F32223A302C2270616E74735F31223A32342C22676C61737365735F31223A342C22686169725F31223A322C22736578223A302C22646563616C735F32223A302C227473686972745F31223A31352C2268656C6D65745F31223A382C2268656C6D65745F32223A302C2261726D73223A39322C2266616365223A31392C22646563616C735F31223A36302C22746F72736F5F31223A31332C22686169725F32223A302C22736B696E223A33342C2270616E74735F32223A357D',X'7B227473686972745F32223A332C22646563616C735F32223A302C22676C6173736573223A302C22686169725F31223A322C22746F72736F5F31223A37332C2273686F6573223A312C22686169725F636F6C6F725F32223A302C22676C61737365735F31223A31392C22736B696E223A31332C2266616365223A362C2270616E74735F32223A352C227473686972745F31223A37352C2270616E74735F31223A33372C2268656C6D65745F31223A35372C22746F72736F5F32223A302C2261726D73223A31342C22736578223A312C22676C61737365735F32223A302C22646563616C735F31223A302C22686169725F32223A302C2268656C6D65745F32223A302C22686169725F636F6C6F725F31223A307D'),
	(35,X'616D62756C616E6365',2,X'63686965665F646F63746F72',X'53722E20454D54',60,X'7B227473686972745F32223A302C22686169725F636F6C6F725F31223A352C22676C61737365735F32223A332C2273686F6573223A392C22746F72736F5F32223A332C22686169725F636F6C6F725F32223A302C2270616E74735F31223A32342C22676C61737365735F31223A342C22686169725F31223A322C22736578223A302C22646563616C735F32223A302C227473686972745F31223A31352C2268656C6D65745F31223A382C2268656C6D65745F32223A302C2261726D73223A39322C2266616365223A31392C22646563616C735F31223A36302C22746F72736F5F31223A31332C22686169725F32223A302C22736B696E223A33342C2270616E74735F32223A357D',X'7B227473686972745F32223A332C22646563616C735F32223A302C22676C6173736573223A302C22686169725F31223A322C22746F72736F5F31223A37332C2273686F6573223A312C22686169725F636F6C6F725F32223A302C22676C61737365735F31223A31392C22736B696E223A31332C2266616365223A362C2270616E74735F32223A352C227473686972745F31223A37352C2270616E74735F31223A33372C2268656C6D65745F31223A35372C22746F72736F5F32223A302C2261726D73223A31342C22736578223A312C22676C61737365735F32223A302C22646563616C735F31223A302C22686169725F32223A302C2268656C6D65745F32223A302C22686169725F636F6C6F725F31223A307D'),
	(36,X'616D62756C616E6365',3,X'626F7373',X'454D542053757065727669736F72',80,X'7B227473686972745F32223A302C22686169725F636F6C6F725F31223A352C22676C61737365735F32223A332C2273686F6573223A392C22746F72736F5F32223A332C22686169725F636F6C6F725F32223A302C2270616E74735F31223A32342C22676C61737365735F31223A342C22686169725F31223A322C22736578223A302C22646563616C735F32223A302C227473686972745F31223A31352C2268656C6D65745F31223A382C2268656C6D65745F32223A302C2261726D73223A39322C2266616365223A31392C22646563616C735F31223A36302C22746F72736F5F31223A31332C22686169725F32223A302C22736B696E223A33342C2270616E74735F32223A357D',X'7B227473686972745F32223A332C22646563616C735F32223A302C22676C6173736573223A302C22686169725F31223A322C22746F72736F5F31223A37332C2273686F6573223A312C22686169725F636F6C6F725F32223A302C22676C61737365735F31223A31392C22736B696E223A31332C2266616365223A362C2270616E74735F32223A352C227473686972745F31223A37352C2270616E74735F31223A33372C2268656C6D65745F31223A35372C22746F72736F5F32223A302C2261726D73223A31342C22736578223A312C22676C61737365735F32223A302C22646563616C735F31223A302C22686169725F32223A302C2268656C6D65745F32223A302C22686169725F636F6C6F725F31223A307D'),
	(37,X'6361726465616C6572',0,X'72656372756974',X'52656372756974',10,X'7B7D',X'7B7D'),
	(38,X'6361726465616C6572',1,X'6E6F76696365',X'4E6F76696365',25,X'7B7D',X'7B7D'),
	(39,X'6361726465616C6572',2,X'657870657269656E636564',X'457870657269656E636564',40,X'7B7D',X'7B7D'),
	(40,X'6361726465616C6572',3,X'626F7373',X'426F7373',0,X'7B7D',X'7B7D');

/*!40000 ALTER TABLE `job_grades` ENABLE KEYS */;
UNLOCK TABLES;


# Dump of table jobs
# ------------------------------------------------------------

DROP TABLE IF EXISTS `jobs`;

CREATE TABLE `jobs` (
  `name` varchar(50) COLLATE utf8mb4_bin NOT NULL,
  `label` varchar(50) COLLATE utf8mb4_bin DEFAULT NULL,
  `whitelisted` tinyint(1) NOT NULL DEFAULT 0,
  PRIMARY KEY (`name`)
) ENGINE=InnoDB DEFAULT CHARSET=utf8mb4 COLLATE=utf8mb4_bin;

LOCK TABLES `jobs` WRITE;
/*!40000 ALTER TABLE `jobs` DISABLE KEYS */;

INSERT INTO `jobs` (`name`, `label`, `whitelisted`)
VALUES
	(X'616D62756C616E6365',X'454D53',0),
	(X'62616E6B6572',X'42616E6B6572',0),
	(X'6361726465616C6572',X'4361726465616C6572',0),
	(X'6669736865726D616E',X'4669736865726D616E',0),
	(X'6675656C6572',X'4675656C6572',0),
	(X'6C756D6265726A61636B',X'4C756D6265726A61636B',0),
	(X'6D656368616E6963',X'4D656368616E6963',0),
	(X'6D696E6572',X'4D696E6572',0),
	(X'706F6C696365',X'506F6C696365',0),
	(X'7265616C6573746174656167656E74',X'5265616C746F72',0),
	(X'7265706F72746572',X'5265706F72746572',0),
	(X'736C617567687465726572',X'42757463686572',0),
	(X'7461696C6F72',X'5461696C6F72',0),
	(X'74617869',X'54617869',0),
	(X'756E656D706C6F796564',X'556E656D706C6F796564',0);

/*!40000 ALTER TABLE `jobs` ENABLE KEYS */;
UNLOCK TABLES;


# Dump of table licenses
# ------------------------------------------------------------

DROP TABLE IF EXISTS `licenses`;

CREATE TABLE `licenses` (
  `type` varchar(60) COLLATE utf8mb4_bin NOT NULL,
  `label` varchar(60) COLLATE utf8mb4_bin NOT NULL,
  PRIMARY KEY (`type`)
) ENGINE=InnoDB DEFAULT CHARSET=utf8mb4 COLLATE=utf8mb4_bin;

LOCK TABLES `licenses` WRITE;
/*!40000 ALTER TABLE `licenses` DISABLE KEYS */;

INSERT INTO `licenses` (`type`, `label`)
VALUES
	(X'626F6174',X'426F6174204C6963656E7365'),
	(X'646D76',X'44726976696E67205065726D6974'),
	(X'6472697665',X'44726976657273204C6963656E7365'),
	(X'64726976655F62696B65',X'4D6F746F726379636C65204C6963656E7365'),
	(X'64726976655F747275636B',X'436F6D6D65726369616C2044726976657273204C6963656E7365'),
	(X'776561706F6E',X'576561706F6E73207065726D6974'),
	(X'776565645F70726F63657373696E67',X'576565642050726F63657373696E67204C6963656E7365');

/*!40000 ALTER TABLE `licenses` ENABLE KEYS */;
UNLOCK TABLES;


# Dump of table owned_properties
# ------------------------------------------------------------

DROP TABLE IF EXISTS `owned_properties`;

CREATE TABLE `owned_properties` (
  `id` int(11) NOT NULL AUTO_INCREMENT,
  `name` varchar(255) COLLATE utf8mb4_bin NOT NULL,
  `price` double NOT NULL,
  `rented` int(11) NOT NULL,
  `owner` varchar(60) COLLATE utf8mb4_bin NOT NULL,
  PRIMARY KEY (`id`)
) ENGINE=InnoDB DEFAULT CHARSET=utf8mb4 COLLATE=utf8mb4_bin;



# Dump of table owned_vehicles
# ------------------------------------------------------------

DROP TABLE IF EXISTS `owned_vehicles`;

CREATE TABLE `owned_vehicles` (
  `owner` varchar(22) COLLATE utf8mb4_bin NOT NULL,
  `plate` varchar(12) COLLATE utf8mb4_bin NOT NULL,
  `vehicle` longtext COLLATE utf8mb4_bin DEFAULT NULL,
  `type` varchar(20) COLLATE utf8mb4_bin NOT NULL DEFAULT 'car',
  `job` varchar(20) COLLATE utf8mb4_bin DEFAULT NULL,
  `stored` tinyint(1) NOT NULL DEFAULT 0,
  PRIMARY KEY (`plate`)
) ENGINE=InnoDB DEFAULT CHARSET=utf8mb4 COLLATE=utf8mb4_bin;



# Dump of table phone_app_chat
# ------------------------------------------------------------

DROP TABLE IF EXISTS `phone_app_chat`;

CREATE TABLE `phone_app_chat` (
  `id` int(11) NOT NULL AUTO_INCREMENT,
  `channel` varchar(20) NOT NULL,
  `message` varchar(255) NOT NULL,
  `time` timestamp NOT NULL DEFAULT current_timestamp(),
  PRIMARY KEY (`id`)
) ENGINE=InnoDB DEFAULT CHARSET=utf8;



# Dump of table phone_calls
# ------------------------------------------------------------

DROP TABLE IF EXISTS `phone_calls`;

CREATE TABLE `phone_calls` (
  `id` int(11) NOT NULL AUTO_INCREMENT,
  `owner` varchar(10) NOT NULL COMMENT 'Name',
  `num` varchar(10) NOT NULL COMMENT 'Phone Number',
  `incoming` int(11) NOT NULL COMMENT 'Define Incoming Call',
  `time` timestamp NOT NULL DEFAULT current_timestamp(),
  `accepts` int(11) NOT NULL COMMENT 'Accept Call',
  PRIMARY KEY (`id`)
) ENGINE=InnoDB DEFAULT CHARSET=utf8;



# Dump of table phone_messages
# ------------------------------------------------------------

DROP TABLE IF EXISTS `phone_messages`;

CREATE TABLE `phone_messages` (
  `id` int(11) NOT NULL AUTO_INCREMENT,
  `transmitter` varchar(10) NOT NULL,
  `receiver` varchar(10) NOT NULL,
  `message` varchar(255) NOT NULL DEFAULT '0',
  `time` timestamp NOT NULL DEFAULT current_timestamp(),
  `isRead` int(11) NOT NULL DEFAULT 0,
  `owner` int(11) NOT NULL DEFAULT 0,
  PRIMARY KEY (`id`)
) ENGINE=MyISAM DEFAULT CHARSET=utf8;



# Dump of table phone_users_contacts
# ------------------------------------------------------------

DROP TABLE IF EXISTS `phone_users_contacts`;

CREATE TABLE `phone_users_contacts` (
  `id` int(11) NOT NULL AUTO_INCREMENT,
  `identifier` varchar(60) CHARACTER SET utf8mb4 DEFAULT NULL,
  `number` varchar(10) CHARACTER SET utf8mb4 DEFAULT NULL,
  `display` varchar(64) CHARACTER SET utf8mb4 NOT NULL DEFAULT '-1',
  PRIMARY KEY (`id`)
) ENGINE=MyISAM DEFAULT CHARSET=utf8;



# Dump of table properties
# ------------------------------------------------------------

DROP TABLE IF EXISTS `properties`;

CREATE TABLE `properties` (
  `id` int(11) NOT NULL AUTO_INCREMENT,
  `name` varchar(255) COLLATE utf8mb4_bin DEFAULT NULL,
  `label` varchar(255) COLLATE utf8mb4_bin DEFAULT NULL,
  `entering` varchar(255) COLLATE utf8mb4_bin DEFAULT NULL,
  `exit` varchar(255) COLLATE utf8mb4_bin DEFAULT NULL,
  `inside` varchar(255) COLLATE utf8mb4_bin DEFAULT NULL,
  `outside` varchar(255) COLLATE utf8mb4_bin DEFAULT NULL,
  `ipls` varchar(255) COLLATE utf8mb4_bin DEFAULT '[]',
  `gateway` varchar(255) COLLATE utf8mb4_bin DEFAULT NULL,
  `is_single` int(11) DEFAULT NULL,
  `is_room` int(11) DEFAULT NULL,
  `is_gateway` int(11) DEFAULT NULL,
  `room_menu` varchar(255) COLLATE utf8mb4_bin DEFAULT NULL,
  `price` int(11) NOT NULL,
  PRIMARY KEY (`id`)
) ENGINE=InnoDB DEFAULT CHARSET=utf8mb4 COLLATE=utf8mb4_bin;

LOCK TABLES `properties` WRITE;
/*!40000 ALTER TABLE `properties` DISABLE KEYS */;

INSERT INTO `properties` (`id`, `name`, `label`, `entering`, `exit`, `inside`, `outside`, `ipls`, `gateway`, `is_single`, `is_room`, `is_gateway`, `room_menu`, `price`)
VALUES
	(1,X'5768697370796D6F756E644472697665',X'32363737205768697370796D6F756E64204472697665',X'7B2279223A3536342E38392C227A223A3138322E3935392C2278223A3131392E3338347D',X'7B2278223A3131372E3334372C2279223A3535392E3530362C227A223A3138332E3330347D',X'7B2279223A3535372E3033322C227A223A3138332E3330312C2278223A3131382E3033377D',X'7B2279223A3536372E3739382C227A223A3138322E3133312C2278223A3131392E3234397D',X'5B5D',NULL,1,1,0,X'7B2278223A3131382E3734382C2279223A3536362E3537332C227A223A3137352E3639377D',1500000),
	(2,X'4E6F727468436F6E6B65724176656E756532303435',X'32303435204E6F72746820436F6E6B6572204176656E7565',X'7B2278223A3337322E3739362C2279223A3432382E3332372C227A223A3134342E3638357D',X'7B2278223A3337332E3534382C2279223A3432322E3938322C227A223A3134342E3930377D2C',X'7B2279223A3432302E3037352C227A223A3134352E3930342C2278223A3337322E3136317D',X'7B2278223A3337322E3435342C2279223A3433322E3838362C227A223A3134332E3434337D',X'5B5D',NULL,1,1,0,X'7B2278223A3337372E3334392C2279223A3432392E3432322C227A223A3133372E337D',1500000),
	(3,X'526963686172644D616A657374696341707432',X'52696368617264204D616A65737469632C204170742032',X'7B2279223A2D3337392E3136352C227A223A33372E3936312C2278223A2D3933362E3336337D',X'7B2279223A2D3336352E3437362C227A223A3131332E3237342C2278223A2D3931332E3039377D',X'7B2279223A2D3336372E3633372C227A223A3131332E3237342C2278223A2D3931382E3032327D',X'7B2279223A2D3338322E3032332C227A223A33372E3936312C2278223A2D3934332E3632367D',X'5B5D',NULL,1,1,0,X'7B2278223A2D3932372E3535342C2279223A2D3337372E3734342C227A223A3131322E3637347D',1700000),
	(4,X'4E6F727468436F6E6B65724176656E756532303434',X'32303434204E6F72746820436F6E6B6572204176656E7565',X'7B2279223A3434302E382C227A223A3134362E3730322C2278223A3334362E3936347D',X'7B2279223A3433372E3435362C227A223A3134382E3339342C2278223A3334312E3638337D',X'7B2279223A3433352E3632362C227A223A3134382E3339342C2278223A3333392E3539357D',X'7B2278223A3335302E3533352C2279223A3434332E3332392C227A223A3134352E3736347D',X'5B5D',NULL,1,1,0,X'7B2278223A3333372E3732362C2279223A3433362E3938352C227A223A3134302E37377D',1500000),
	(5,X'57696C644F6174734472697665',X'333635352057696C64204F617473204472697665',X'7B2279223A3530322E3639362C227A223A3133362E3432312C2278223A2D3137362E3030337D',X'7B2279223A3439372E3831372C227A223A3133362E3635332C2278223A2D3137342E3334397D',X'7B2279223A3439352E3036392C227A223A3133362E3636362C2278223A2D3137332E3333317D',X'7B2279223A3530362E3431322C227A223A3133352E303636342C2278223A2D3137372E3932377D',X'5B5D',NULL,1,1,0,X'7B2278223A2D3137342E3732352C2279223A3439332E3039352C227A223A3132392E3034337D',1500000),
	(6,X'48696C6C63726573744176656E756532383632',X'323836322048696C6C6372657374204176656E7565',X'7B2279223A3539362E35382C227A223A3134322E3634312C2278223A2D3638362E3535347D',X'7B2279223A3539312E3938382C227A223A3134342E3339322C2278223A2D3638312E3732387D',X'7B2279223A3539302E3630382C227A223A3134342E3339322C2278223A2D3638302E3132347D',X'7B2279223A3539392E3031392C227A223A3134322E3035392C2278223A2D3638392E3439327D',X'5B5D',NULL,1,1,0,X'7B2278223A2D3638302E34362C2279223A3538382E362C227A223A3133362E3736397D',1500000),
	(7,X'4C6F77456E6441706172746D656E74',X'42617369632061706172746D656E74',X'7B2279223A2D313037382E3733352C227A223A32382E343033312C2278223A3239322E3532387D',X'7B2279223A2D313030372E3135322C227A223A2D3130322E3030322C2278223A3236352E3834357D',X'7B2279223A2D313030322E3830322C227A223A2D3130302E3030382C2278223A3236352E3330377D',X'7B2279223A2D313037382E3636392C227A223A32382E3430312C2278223A3239362E3733387D',X'5B5D',NULL,1,1,0,X'7B2278223A3236352E3931362C2279223A2D3939392E33382C227A223A2D3130302E3030387D',562500),
	(8,X'4D61645761796E655468756E646572',X'32313133204D6164205761796E65205468756E646572',X'7B2279223A3435342E3935352C227A223A39362E3436322C2278223A2D313239342E3433337D',X'7B2278223A2D313238392E3931372C2279223A3434392E3534312C227A223A39362E3930327D',X'7B2279223A3434362E3332322C227A223A39362E3839392C2278223A2D313238392E3634327D',X'7B2279223A3435352E3435332C227A223A39362E3531372C2278223A2D313239382E3835317D',X'5B5D',NULL,1,1,0,X'7B2278223A2D313238372E3330362C2279223A3435352E3930312C227A223A38392E3239347D',1500000),
	(9,X'48696C6C63726573744176656E756532383734',X'323837342048696C6C6372657374204176656E7565',X'7B2278223A2D3835332E3334362C2279223A3639362E3637382C227A223A3134372E3738327D',X'7B2279223A3639302E3837352C227A223A3135312E38362C2278223A2D3835392E3936317D',X'7B2279223A3638382E3336312C227A223A3135312E3835372C2278223A2D3835392E3339357D',X'7B2279223A3730312E3632382C227A223A3134372E3737332C2278223A2D3835352E3030377D',X'5B5D',NULL,1,1,0,X'7B2278223A2D3835382E3534332C2279223A3639372E3531342C227A223A3134342E3235337D',1500000),
	(10,X'48696C6C63726573744176656E756532383638',X'323836382048696C6C6372657374204176656E7565',X'7B2279223A3632302E3439342C227A223A3134312E3538382C2278223A2D3735322E38327D',X'7B2279223A3631382E36322C227A223A3134332E3135332C2278223A2D3735392E3331377D',X'7B2279223A3631372E3632392C227A223A3134332E3135332C2278223A2D3736302E3738397D',X'7B2279223A3632312E3238312C227A223A3134312E3235342C2278223A2D3735302E3931397D',X'5B5D',NULL,1,1,0,X'7B2278223A2D3736322E3530342C2279223A3631382E3939322C227A223A3133352E35337D',1500000),
	(11,X'54696E73656C546F776572734170743132',X'54696E73656C20546F776572732C20417074203432',X'7B2279223A33372E3032352C227A223A34322E35382C2278223A2D3631382E3239397D',X'7B2279223A35382E3839382C227A223A39372E322C2278223A2D3630332E3330317D',X'7B2279223A35382E3934312C227A223A39372E322C2278223A2D3630382E3734317D',X'7B2279223A33302E3630332C227A223A34322E3532342C2278223A2D3632302E3031377D',X'5B5D',NULL,1,1,0,X'7B2278223A2D3632322E3137332C2279223A35342E3538352C227A223A39362E3539397D',1700000),
	(12,X'4D696C746F6E4472697665',X'4D696C746F6E204472697665',X'7B2278223A2D3737352E31372C2279223A3331322E30312C227A223A38342E3635387D',NULL,NULL,X'7B2278223A2D3737352E3334362C2279223A3330362E3737362C227A223A38342E377D',X'5B5D',NULL,0,0,1,NULL,0),
	(13,X'4D6F6465726E3141706172746D656E74',X'4D6F6465726E2041706172746D656E742031',NULL,X'7B2278223A2D3738342E3139342C2279223A3332332E3633362C227A223A3231302E3939377D',X'7B2278223A2D3737392E3735312C2279223A3332332E3338352C227A223A3231302E3939377D',NULL,X'5B226170615F765F6D705F685F30315F61225D',X'4D696C746F6E4472697665',0,1,0,X'7B2278223A2D3736362E3636312C2279223A3332372E3637322C227A223A3231302E3339367D',1300000),
	(14,X'4D6F6465726E3241706172746D656E74',X'4D6F6465726E2041706172746D656E742032',NULL,X'7B2278223A2D3738362E383636332C2279223A3331352E3736342C227A223A3138362E3931337D',X'7B2278223A2D3738312E3830382C2279223A3331352E3836362C227A223A3138362E3931337D',NULL,X'5B226170615F765F6D705F685F30315F63225D',X'4D696C746F6E4472697665',0,1,0,X'7B2278223A2D3739352E3733352C2279223A3332362E3735372C227A223A3138362E3331337D',1300000),
	(15,X'4D6F6465726E3341706172746D656E74',X'4D6F6465726E2041706172746D656E742033',NULL,X'7B2278223A2D3737342E3031322C2279223A3334322E3034322C227A223A3139352E3638367D',X'7B2278223A2D3737392E3035372C2279223A3334322E3036332C227A223A3139352E3638367D',NULL,X'5B226170615F765F6D705F685F30315F62225D',X'4D696C746F6E4472697665',0,1,0,X'7B2278223A2D3736352E3338362C2279223A3333302E3738322C227A223A3139352E30387D',1300000),
	(16,X'4D6F64793141706172746D656E74',X'4D6F64792041706172746D656E742031',NULL,X'7B2278223A2D3738342E3139342C2279223A3332332E3633362C227A223A3231302E3939377D',X'7B2278223A2D3737392E3735312C2279223A3332332E3338352C227A223A3231302E3939377D',NULL,X'5B226170615F765F6D705F685F30325F61225D',X'4D696C746F6E4472697665',0,1,0,X'7B2278223A2D3736362E3631352C2279223A3332372E3837382C227A223A3231302E3339367D',1300000),
	(17,X'4D6F64793241706172746D656E74',X'4D6F64792041706172746D656E742032',NULL,X'7B2278223A2D3738362E383636332C2279223A3331352E3736342C227A223A3138362E3931337D',X'7B2278223A2D3738312E3830382C2279223A3331352E3836362C227A223A3138362E3931337D',NULL,X'5B226170615F765F6D705F685F30325F63225D',X'4D696C746F6E4472697665',0,1,0,X'7B2278223A2D3739352E3239372C2279223A3332372E3039322C227A223A3138362E3331337D',1300000),
	(18,X'4D6F64793341706172746D656E74',X'4D6F64792041706172746D656E742033',NULL,X'7B2278223A2D3737342E3031322C2279223A3334322E3034322C227A223A3139352E3638367D',X'7B2278223A2D3737392E3035372C2279223A3334322E3036332C227A223A3139352E3638367D',NULL,X'5B226170615F765F6D705F685F30325F62225D',X'4D696C746F6E4472697665',0,1,0,X'7B2278223A2D3736352E3330332C2279223A3333302E3933322C227A223A3139352E3038357D',1300000),
	(19,X'56696272616E743141706172746D656E74',X'56696272616E742041706172746D656E742031',NULL,X'7B2278223A2D3738342E3139342C2279223A3332332E3633362C227A223A3231302E3939377D',X'7B2278223A2D3737392E3735312C2279223A3332332E3338352C227A223A3231302E3939377D',NULL,X'5B226170615F765F6D705F685F30335F61225D',X'4D696C746F6E4472697665',0,1,0,X'7B2278223A2D3736352E3838352C2279223A3332372E3634312C227A223A3231302E3339367D',1300000),
	(20,X'56696272616E743241706172746D656E74',X'56696272616E742041706172746D656E742032',NULL,X'7B2278223A2D3738362E383636332C2279223A3331352E3736342C227A223A3138362E3931337D',X'7B2278223A2D3738312E3830382C2279223A3331352E3836362C227A223A3138362E3931337D',NULL,X'5B226170615F765F6D705F685F30335F63225D',X'4D696C746F6E4472697665',0,1,0,X'7B2278223A2D3739352E3630372C2279223A3332372E3334342C227A223A3138362E3331337D',1300000),
	(21,X'56696272616E743341706172746D656E74',X'56696272616E742041706172746D656E742033',NULL,X'7B2278223A2D3737342E3031322C2279223A3334322E3034322C227A223A3139352E3638367D',X'7B2278223A2D3737392E3035372C2279223A3334322E3036332C227A223A3139352E3638367D',NULL,X'5B226170615F765F6D705F685F30335F62225D',X'4D696C746F6E4472697665',0,1,0,X'7B2278223A2D3736352E3532352C2279223A3333302E3835312C227A223A3139352E3038357D',1300000),
	(22,X'53686172703141706172746D656E74',X'53686172702041706172746D656E742031',NULL,X'7B2278223A2D3738342E3139342C2279223A3332332E3633362C227A223A3231302E3939377D',X'7B2278223A2D3737392E3735312C2279223A3332332E3338352C227A223A3231302E3939377D',NULL,X'5B226170615F765F6D705F685F30345F61225D',X'4D696C746F6E4472697665',0,1,0,X'7B2278223A2D3736362E3532372C2279223A3332372E38392C227A223A3231302E3339367D',1300000),
	(23,X'53686172703241706172746D656E74',X'53686172702041706172746D656E742032',NULL,X'7B2278223A2D3738362E383636332C2279223A3331352E3736342C227A223A3138362E3931337D',X'7B2278223A2D3738312E3830382C2279223A3331352E3836362C227A223A3138362E3931337D',NULL,X'5B226170615F765F6D705F685F30345F63225D',X'4D696C746F6E4472697665',0,1,0,X'7B2278223A2D3739352E3634322C2279223A3332362E3439372C227A223A3138362E3331337D',1300000),
	(24,X'53686172703341706172746D656E74',X'53686172702041706172746D656E742033',NULL,X'7B2278223A2D3737342E3031322C2279223A3334322E3034322C227A223A3139352E3638367D',X'7B2278223A2D3737392E3035372C2279223A3334322E3036332C227A223A3139352E3638367D',NULL,X'5B226170615F765F6D705F685F30345F62225D',X'4D696C746F6E4472697665',0,1,0,X'7B2278223A2D3736352E3530332C2279223A3333312E3331382C227A223A3139352E3038357D',1300000),
	(25,X'4D6F6E6F6368726F6D653141706172746D656E74',X'4D6F6E6F6368726F6D652041706172746D656E742031',NULL,X'7B2278223A2D3738342E3139342C2279223A3332332E3633362C227A223A3231302E3939377D',X'7B2278223A2D3737392E3735312C2279223A3332332E3338352C227A223A3231302E3939377D',NULL,X'5B226170615F765F6D705F685F30355F61225D',X'4D696C746F6E4472697665',0,1,0,X'7B2278223A2D3736362E3238392C2279223A3332382E3038362C227A223A3231302E3339367D',1300000),
	(26,X'4D6F6E6F6368726F6D653241706172746D656E74',X'4D6F6E6F6368726F6D652041706172746D656E742032',NULL,X'7B2278223A2D3738362E383636332C2279223A3331352E3736342C227A223A3138362E3931337D',X'7B2278223A2D3738312E3830382C2279223A3331352E3836362C227A223A3138362E3931337D',NULL,X'5B226170615F765F6D705F685F30355F63225D',X'4D696C746F6E4472697665',0,1,0,X'7B2278223A2D3739352E3639322C2279223A3332362E3736322C227A223A3138362E3331337D',1300000),
	(27,X'4D6F6E6F6368726F6D653341706172746D656E74',X'4D6F6E6F6368726F6D652041706172746D656E742033',NULL,X'7B2278223A2D3737342E3031322C2279223A3334322E3034322C227A223A3139352E3638367D',X'7B2278223A2D3737392E3035372C2279223A3334322E3036332C227A223A3139352E3638367D',NULL,X'5B226170615F765F6D705F685F30355F62225D',X'4D696C746F6E4472697665',0,1,0,X'7B2278223A2D3736352E3039342C2279223A3333302E3937362C227A223A3139352E3038357D',1300000),
	(28,X'5365647563746976653141706172746D656E74',X'5365647563746976652041706172746D656E742031',NULL,X'7B2278223A2D3738342E3139342C2279223A3332332E3633362C227A223A3231302E3939377D',X'7B2278223A2D3737392E3735312C2279223A3332332E3338352C227A223A3231302E3939377D',NULL,X'5B226170615F765F6D705F685F30365F61225D',X'4D696C746F6E4472697665',0,1,0,X'7B2278223A2D3736362E3236332C2279223A3332382E3130342C227A223A3231302E3339367D',1300000),
	(29,X'5365647563746976653241706172746D656E74',X'5365647563746976652041706172746D656E742032',NULL,X'7B2278223A2D3738362E383636332C2279223A3331352E3736342C227A223A3138362E3931337D',X'7B2278223A2D3738312E3830382C2279223A3331352E3836362C227A223A3138362E3931337D',NULL,X'5B226170615F765F6D705F685F30365F63225D',X'4D696C746F6E4472697665',0,1,0,X'7B2278223A2D3739352E3635352C2279223A3332362E3631312C227A223A3138362E3331337D',1300000),
	(30,X'5365647563746976653341706172746D656E74',X'5365647563746976652041706172746D656E742033',NULL,X'7B2278223A2D3737342E3031322C2279223A3334322E3034322C227A223A3139352E3638367D',X'7B2278223A2D3737392E3035372C2279223A3334322E3036332C227A223A3139352E3638367D',NULL,X'5B226170615F765F6D705F685F30365F62225D',X'4D696C746F6E4472697665',0,1,0,X'7B2278223A2D3736352E332C2279223A3333312E3431342C227A223A3139352E3038357D',1300000),
	(31,X'526567616C3141706172746D656E74',X'526567616C2041706172746D656E742031',NULL,X'7B2278223A2D3738342E3139342C2279223A3332332E3633362C227A223A3231302E3939377D',X'7B2278223A2D3737392E3735312C2279223A3332332E3338352C227A223A3231302E3939377D',NULL,X'5B226170615F765F6D705F685F30375F61225D',X'4D696C746F6E4472697665',0,1,0,X'7B2278223A2D3736352E3935362C2279223A3332382E3235372C227A223A3231302E3339367D',1300000),
	(32,X'526567616C3241706172746D656E74',X'526567616C2041706172746D656E742032',NULL,X'7B2278223A2D3738362E383636332C2279223A3331352E3736342C227A223A3138362E3931337D',X'7B2278223A2D3738312E3830382C2279223A3331352E3836362C227A223A3138362E3931337D',NULL,X'5B226170615F765F6D705F685F30375F63225D',X'4D696C746F6E4472697665',0,1,0,X'7B2278223A2D3739352E3534352C2279223A3332362E3635392C227A223A3138362E3331337D',1300000),
	(33,X'526567616C3341706172746D656E74',X'526567616C2041706172746D656E742033',NULL,X'7B2278223A2D3737342E3031322C2279223A3334322E3034322C227A223A3139352E3638367D',X'7B2278223A2D3737392E3035372C2279223A3334322E3036332C227A223A3139352E3638367D',NULL,X'5B226170615F765F6D705F685F30375F62225D',X'4D696C746F6E4472697665',0,1,0,X'7B2278223A2D3736352E3038372C2279223A3333312E3432392C227A223A3139352E3132337D',1300000),
	(34,X'417175613141706172746D656E74',X'417175612041706172746D656E742031',NULL,X'7B2278223A2D3738342E3139342C2279223A3332332E3633362C227A223A3231302E3939377D',X'7B2278223A2D3737392E3735312C2279223A3332332E3338352C227A223A3231302E3939377D',NULL,X'5B226170615F765F6D705F685F30385F61225D',X'4D696C746F6E4472697665',0,1,0,X'7B2278223A2D3736362E3138372C2279223A3332382E34372C227A223A3231302E3339367D',1300000),
	(35,X'417175613241706172746D656E74',X'417175612041706172746D656E742032',NULL,X'7B2278223A2D3738362E383636332C2279223A3331352E3736342C227A223A3138362E3931337D',X'7B2278223A2D3738312E3830382C2279223A3331352E3836362C227A223A3138362E3931337D',NULL,X'5B226170615F765F6D705F685F30385F63225D',X'4D696C746F6E4472697665',0,1,0,X'7B2278223A2D3739352E3635382C2279223A3332362E3536332C227A223A3138362E3331337D',1300000),
	(36,X'417175613341706172746D656E74',X'417175612041706172746D656E742033',NULL,X'7B2278223A2D3737342E3031322C2279223A3334322E3034322C227A223A3139352E3638367D',X'7B2278223A2D3737392E3035372C2279223A3334322E3036332C227A223A3139352E3638367D',NULL,X'5B226170615F765F6D705F685F30385F62225D',X'4D696C746F6E4472697665',0,1,0,X'7B2278223A2D3736352E3238372C2279223A3333312E3038342C227A223A3139352E3038367D',1300000),
	(37,X'496E74656772697479576179',X'3420496E7465677269747920576179',X'7B2278223A2D34372E3830342C2279223A2D3538352E3836372C227A223A33362E3935367D',NULL,NULL,X'7B2278223A2D35342E3137382C2279223A2D3538332E3736322C227A223A33352E3739387D',X'5B5D',NULL,0,0,1,NULL,0),
	(38,X'496E746567726974795761793238',X'3420496E7465677269747920576179202D20417074203238',NULL,X'7B2278223A2D33312E3430392C2279223A2D3539342E3932372C227A223A37392E30337D',X'7B2278223A2D32362E3039382C2279223A2D3539362E3930392C227A223A37392E30337D',NULL,X'5B5D',X'496E74656772697479576179',0,1,0,X'7B2278223A2D31312E3932332C2279223A2D3539372E3038332C227A223A37382E34337D',1700000),
	(39,X'496E746567726974795761793330',X'3420496E7465677269747920576179202D20417074203330',NULL,X'7B2278223A2D31372E3730322C2279223A2D3538382E3532342C227A223A38392E3131347D',X'7B2278223A2D31362E32312C2279223A2D3538322E3536392C227A223A38392E3131347D',NULL,X'5B5D',X'496E74656772697479576179',0,1,0,X'7B2278223A2D32362E3332372C2279223A2D3538382E3338342C227A223A38392E3132337D',1700000),
	(40,X'44656C6C506572726F48656967687473',X'44656C6C20506572726F2048656967687473',X'7B2278223A2D313434372E30362C2279223A2D3533382E32382C227A223A33332E37347D',NULL,NULL,X'7B2278223A2D313434302E3032322C2279223A2D3534382E3639362C227A223A33332E37347D',X'5B5D',NULL,0,0,1,NULL,0),
	(41,X'44656C6C506572726F486569676874737434',X'44656C6C20506572726F2048656967687473202D20417074203238',NULL,X'7B2278223A2D313435322E3132352C2279223A2D3534302E3539312C227A223A37332E3034347D',X'7B2278223A2D313435352E3433352C2279223A2D3533352E37392C227A223A37332E3034347D',NULL,X'5B5D',X'44656C6C506572726F48656967687473',0,1,0,X'7B2278223A2D313436372E3035382C2279223A2D3532372E3537312C227A223A37322E3434337D',1700000),
	(42,X'44656C6C506572726F486569676874737437',X'44656C6C20506572726F2048656967687473202D20417074203330',NULL,X'7B2278223A2D313435312E3536322C2279223A2D3532332E3533352C227A223A35352E3932387D',X'7B2278223A2D313435362E30322C2279223A2D3531392E3230392C227A223A35352E3932397D',NULL,X'5B5D',X'44656C6C506572726F48656967687473',0,1,0,X'7B2278223A2D313435372E3032362C2279223A2D3533302E3231392C227A223A35352E3933377D',1700000),
	(43,X'4D617A6542616E6B4275696C64696E67',X'4D617A652042616E6B204275696C64696E67',X'7B2278223A2D37392E31382C2279223A2D3739352E39322C227A223A34332E33357D',NULL,NULL,X'7B2278223A2D37322E35302C2279223A2D3738362E39322C227A223A34332E34307D',X'5B5D',NULL,0,0,1,NULL,0),
	(44,X'4F6C6453706963655761726D',X'4F6C64205370696365205761726D',NULL,X'7B2278223A2D37352E36392C2279223A2D3832372E30382C227A223A3234322E34337D',X'7B2278223A2D37352E35312C2279223A2D3832332E39302C227A223A3234322E34337D',NULL,X'5B2265785F6474315F31315F6F66666963655F303161225D',X'4D617A6542616E6B4275696C64696E67',0,1,0,X'7B2278223A2D37312E38312C2279223A2D3831342E33342C227A223A3234322E33397D',5000000),
	(45,X'4F6C645370696365436C6173736963616C',X'4F6C6420537069636520436C6173736963616C',NULL,X'7B2278223A2D37352E36392C2279223A2D3832372E30382C227A223A3234322E34337D',X'7B2278223A2D37352E35312C2279223A2D3832332E39302C227A223A3234322E34337D',NULL,X'5B2265785F6474315F31315F6F66666963655F303162225D',X'4D617A6542616E6B4275696C64696E67',0,1,0,X'7B2278223A2D37312E38312C2279223A2D3831342E33342C227A223A3234322E33397D',5000000),
	(46,X'4F6C64537069636556696E74616765',X'4F6C642053706963652056696E74616765',NULL,X'7B2278223A2D37352E36392C2279223A2D3832372E30382C227A223A3234322E34337D',X'7B2278223A2D37352E35312C2279223A2D3832332E39302C227A223A3234322E34337D',NULL,X'5B2265785F6474315F31315F6F66666963655F303163225D',X'4D617A6542616E6B4275696C64696E67',0,1,0,X'7B2278223A2D37312E38312C2279223A2D3831342E33342C227A223A3234322E33397D',5000000),
	(47,X'45786563757469766552696368',X'4578656375746976652052696368',NULL,X'7B2278223A2D37352E36392C2279223A2D3832372E30382C227A223A3234322E34337D',X'7B2278223A2D37352E35312C2279223A2D3832332E39302C227A223A3234322E34337D',NULL,X'5B2265785F6474315F31315F6F66666963655F303262225D',X'4D617A6542616E6B4275696C64696E67',0,1,0,X'7B2278223A2D37312E38312C2279223A2D3831342E33342C227A223A3234322E33397D',5000000),
	(48,X'457865637574697665436F6F6C',X'45786563757469766520436F6F6C',NULL,X'7B2278223A2D37352E36392C2279223A2D3832372E30382C227A223A3234322E34337D',X'7B2278223A2D37352E35312C2279223A2D3832332E39302C227A223A3234322E34337D',NULL,X'5B2265785F6474315F31315F6F66666963655F303263225D',X'4D617A6542616E6B4275696C64696E67',0,1,0,X'7B2278223A2D37312E38312C2279223A2D3831342E33342C227A223A3234322E33397D',5000000),
	(49,X'457865637574697665436F6E7472617374',X'45786563757469766520436F6E7472617374',NULL,X'7B2278223A2D37352E36392C2279223A2D3832372E30382C227A223A3234322E34337D',X'7B2278223A2D37352E35312C2279223A2D3832332E39302C227A223A3234322E34337D',NULL,X'5B2265785F6474315F31315F6F66666963655F303261225D',X'4D617A6542616E6B4275696C64696E67',0,1,0,X'7B2278223A2D37312E38312C2279223A2D3831342E33342C227A223A3234322E33397D',5000000),
	(50,X'506F77657242726F6B6572496365',X'506F7765722042726F6B657220496365',NULL,X'7B2278223A2D37352E36392C2279223A2D3832372E30382C227A223A3234322E34337D',X'7B2278223A2D37352E35312C2279223A2D3832332E39302C227A223A3234322E34337D',NULL,X'5B2265785F6474315F31315F6F66666963655F303361225D',X'4D617A6542616E6B4275696C64696E67',0,1,0,X'7B2278223A2D37312E38312C2279223A2D3831342E33342C227A223A3234322E33397D',5000000),
	(51,X'506F77657242726F6B6572436F6E736572766174697665',X'506F7765722042726F6B657220436F6E736572766174697665',NULL,X'7B2278223A2D37352E36392C2279223A2D3832372E30382C227A223A3234322E34337D',X'7B2278223A2D37352E35312C2279223A2D3832332E39302C227A223A3234322E34337D',NULL,X'5B2265785F6474315F31315F6F66666963655F303362225D',X'4D617A6542616E6B4275696C64696E67',0,1,0,X'7B2278223A2D37312E38312C2279223A2D3831342E33342C227A223A3234322E33397D',5000000),
	(52,X'506F77657242726F6B6572506F6C6973686564',X'506F7765722042726F6B657220506F6C6973686564',NULL,X'7B2278223A2D37352E36392C2279223A2D3832372E30382C227A223A3234322E34337D',X'7B2278223A2D37352E35312C2279223A2D3832332E39302C227A223A3234322E34337D',NULL,X'5B2265785F6474315F31315F6F66666963655F303363225D',X'4D617A6542616E6B4275696C64696E67',0,1,0,X'7B2278223A2D37312E38312C2279223A2D3831342E33342C227A223A3234322E33397D',5000000),
	(53,X'4C6F6D42616E6B',X'4C6F6D2042616E6B',X'7B2278223A2D313538312E33362C2279223A2D3535382E32332C227A223A33342E30377D',NULL,NULL,X'7B2278223A2D313538332E36302C2279223A2D3535352E31322C227A223A33342E30377D',X'5B5D',NULL,0,0,1,NULL,0),
	(54,X'4C424F6C6453706963655761726D',X'4C42204F6C64205370696365205761726D',NULL,X'7B2278223A2D313537392E35332C2279223A2D3536342E38392C227A223A3130372E36327D',X'7B2278223A2D313537362E34322C2279223A2D3536372E35372C227A223A3130372E36327D',NULL,X'5B2265785F736D5F31335F6F66666963655F303161225D',X'4C6F6D42616E6B',0,1,0,X'7B2278223A2D313537312E32362C2279223A2D3537352E37362C227A223A3130372E35327D',3500000),
	(55,X'4C424F6C645370696365436C6173736963616C',X'4C42204F6C6420537069636520436C6173736963616C',NULL,X'7B2278223A2D313537392E35332C2279223A2D3536342E38392C227A223A3130372E36327D',X'7B2278223A2D313537362E34322C2279223A2D3536372E35372C227A223A3130372E36327D',NULL,X'5B2265785F736D5F31335F6F66666963655F303162225D',X'4C6F6D42616E6B',0,1,0,X'7B2278223A2D313537312E32362C2279223A2D3537352E37362C227A223A3130372E35327D',3500000),
	(56,X'4C424F6C64537069636556696E74616765',X'4C42204F6C642053706963652056696E74616765',NULL,X'7B2278223A2D313537392E35332C2279223A2D3536342E38392C227A223A3130372E36327D',X'7B2278223A2D313537362E34322C2279223A2D3536372E35372C227A223A3130372E36327D',NULL,X'5B2265785F736D5F31335F6F66666963655F303163225D',X'4C6F6D42616E6B',0,1,0,X'7B2278223A2D313537312E32362C2279223A2D3537352E37362C227A223A3130372E35327D',3500000),
	(57,X'4C4245786563757469766552696368',X'4C42204578656375746976652052696368',NULL,X'7B2278223A2D313537392E35332C2279223A2D3536342E38392C227A223A3130372E36327D',X'7B2278223A2D313537362E34322C2279223A2D3536372E35372C227A223A3130372E36327D',NULL,X'5B2265785F736D5F31335F6F66666963655F303262225D',X'4C6F6D42616E6B',0,1,0,X'7B2278223A2D313537312E32362C2279223A2D3537352E37362C227A223A3130372E35327D',3500000),
	(58,X'4C42457865637574697665436F6F6C',X'4C422045786563757469766520436F6F6C',NULL,X'7B2278223A2D313537392E35332C2279223A2D3536342E38392C227A223A3130372E36327D',X'7B2278223A2D313537362E34322C2279223A2D3536372E35372C227A223A3130372E36327D',NULL,X'5B2265785F736D5F31335F6F66666963655F303263225D',X'4C6F6D42616E6B',0,1,0,X'7B2278223A2D313537312E32362C2279223A2D3537352E37362C227A223A3130372E35327D',3500000),
	(59,X'4C42457865637574697665436F6E7472617374',X'4C422045786563757469766520436F6E7472617374',NULL,X'7B2278223A2D313537392E35332C2279223A2D3536342E38392C227A223A3130372E36327D',X'7B2278223A2D313537362E34322C2279223A2D3536372E35372C227A223A3130372E36327D',NULL,X'5B2265785F736D5F31335F6F66666963655F303261225D',X'4C6F6D42616E6B',0,1,0,X'7B2278223A2D313537312E32362C2279223A2D3537352E37362C227A223A3130372E35327D',3500000),
	(60,X'4C42506F77657242726F6B6572496365',X'4C4220506F7765722042726F6B657220496365',NULL,X'7B2278223A2D313537392E35332C2279223A2D3536342E38392C227A223A3130372E36327D',X'7B2278223A2D313537362E34322C2279223A2D3536372E35372C227A223A3130372E36327D',NULL,X'5B2265785F736D5F31335F6F66666963655F303361225D',X'4C6F6D42616E6B',0,1,0,X'7B2278223A2D313537312E32362C2279223A2D3537352E37362C227A223A3130372E35327D',3500000),
	(61,X'4C42506F77657242726F6B6572436F6E736572766174697665',X'4C4220506F7765722042726F6B657220436F6E736572766174697665',NULL,X'7B2278223A2D313537392E35332C2279223A2D3536342E38392C227A223A3130372E36327D',X'7B2278223A2D313537362E34322C2279223A2D3536372E35372C227A223A3130372E36327D',NULL,X'5B2265785F736D5F31335F6F66666963655F303362225D',X'4C6F6D42616E6B',0,1,0,X'7B2278223A2D313537312E32362C2279223A2D3537352E37362C227A223A3130372E35327D',3500000),
	(62,X'4C42506F77657242726F6B6572506F6C6973686564',X'4C4220506F7765722042726F6B657220506F6C6973686564',NULL,X'7B2278223A2D313537392E35332C2279223A2D3536342E38392C227A223A3130372E36327D',X'7B2278223A2D313537362E34322C2279223A2D3536372E35372C227A223A3130372E36327D',NULL,X'5B2265785F736D5F31335F6F66666963655F303363225D',X'4C6F6D42616E6B',0,1,0,X'7B2278223A2D313537312E32362C2279223A2D3537352E37362C227A223A3130372E35327D',3500000),
	(63,X'4D617A6542616E6B57657374',X'4D617A652042616E6B2057657374',X'7B2278223A2D313337392E35382C2279223A2D3439392E36332C227A223A33322E32327D',NULL,NULL,X'7B2278223A2D313337382E39352C2279223A2D3530322E38322C227A223A33322E32327D',X'5B5D',NULL,0,0,1,NULL,0),
	(64,X'4D42574F6C6453706963655761726D',X'4D4257204F6C64205370696365205761726D',NULL,X'7B2278223A2D313339322E37342C2279223A2D3438302E31382C227A223A37312E31347D',X'7B2278223A2D313338392E34332C2279223A2D3437392E30312C227A223A37312E31347D',NULL,X'5B2265785F736D5F31355F6F66666963655F303161225D',X'4D617A6542616E6B57657374',0,1,0,X'7B2278223A2D313339302E37362C2279223A2D3437392E32322C227A223A37322E30347D',2700000),
	(65,X'4D42574F6C645370696365436C6173736963616C',X'4D4257204F6C6420537069636520436C6173736963616C',NULL,X'7B2278223A2D313339322E37342C2279223A2D3438302E31382C227A223A37312E31347D',X'7B2278223A2D313338392E34332C2279223A2D3437392E30312C227A223A37312E31347D',NULL,X'5B2265785F736D5F31355F6F66666963655F303162225D',X'4D617A6542616E6B57657374',0,1,0,X'7B2278223A2D313339302E37362C2279223A2D3437392E32322C227A223A37322E30347D',2700000),
	(66,X'4D42574F6C64537069636556696E74616765',X'4D4257204F6C642053706963652056696E74616765',NULL,X'7B2278223A2D313339322E37342C2279223A2D3438302E31382C227A223A37312E31347D',X'7B2278223A2D313338392E34332C2279223A2D3437392E30312C227A223A37312E31347D',NULL,X'5B2265785F736D5F31355F6F66666963655F303163225D',X'4D617A6542616E6B57657374',0,1,0,X'7B2278223A2D313339302E37362C2279223A2D3437392E32322C227A223A37322E30347D',2700000),
	(67,X'4D425745786563757469766552696368',X'4D4257204578656375746976652052696368',NULL,X'7B2278223A2D313339322E37342C2279223A2D3438302E31382C227A223A37312E31347D',X'7B2278223A2D313338392E34332C2279223A2D3437392E30312C227A223A37312E31347D',NULL,X'5B2265785F736D5F31355F6F66666963655F303262225D',X'4D617A6542616E6B57657374',0,1,0,X'7B2278223A2D313339302E37362C2279223A2D3437392E32322C227A223A37322E30347D',2700000),
	(68,X'4D4257457865637574697665436F6F6C',X'4D42572045786563757469766520436F6F6C',NULL,X'7B2278223A2D313339322E37342C2279223A2D3438302E31382C227A223A37312E31347D',X'7B2278223A2D313338392E34332C2279223A2D3437392E30312C227A223A37312E31347D',NULL,X'5B2265785F736D5F31355F6F66666963655F303263225D',X'4D617A6542616E6B57657374',0,1,0,X'7B2278223A2D313339302E37362C2279223A2D3437392E32322C227A223A37322E30347D',2700000),
	(69,X'4D425745786563757469766520436F6E7472617374',X'4D42572045786563757469766520436F6E7472617374',NULL,X'7B2278223A2D313339322E37342C2279223A2D3438302E31382C227A223A37312E31347D',X'7B2278223A2D313338392E34332C2279223A2D3437392E30312C227A223A37312E31347D',NULL,X'5B2265785F736D5F31355F6F66666963655F303261225D',X'4D617A6542616E6B57657374',0,1,0,X'7B2278223A2D313339302E37362C2279223A2D3437392E32322C227A223A37322E30347D',2700000),
	(70,X'4D4257506F77657242726F6B6572496365',X'4D425720506F7765722042726F6B657220496365',NULL,X'7B2278223A2D313339322E37342C2279223A2D3438302E31382C227A223A37312E31347D',X'7B2278223A2D313338392E34332C2279223A2D3437392E30312C227A223A37312E31347D',NULL,X'5B2265785F736D5F31355F6F66666963655F303361225D',X'4D617A6542616E6B57657374',0,1,0,X'7B2278223A2D313339302E37362C2279223A2D3437392E32322C227A223A37322E30347D',2700000),
	(71,X'4D4257506F77657242726F6B6572436F6E76736572766174697665',X'4D425720506F7765722042726F6B657220436F6E76736572766174697665',NULL,X'7B2278223A2D313339322E37342C2279223A2D3438302E31382C227A223A37312E31347D',X'7B2278223A2D313338392E34332C2279223A2D3437392E30312C227A223A37312E31347D',NULL,X'5B2265785F736D5F31355F6F66666963655F303362225D',X'4D617A6542616E6B57657374',0,1,0,X'7B2278223A2D313339302E37362C2279223A2D3437392E32322C227A223A37322E30347D',2700000),
	(72,X'4D4257506F77657242726F6B6572506F6C6973686564',X'4D425720506F7765722042726F6B657220506F6C6973686564',NULL,X'7B2278223A2D313339322E37342C2279223A2D3438302E31382C227A223A37312E31347D',X'7B2278223A2D313338392E34332C2279223A2D3437392E30312C227A223A37312E31347D',NULL,X'5B2265785F736D5F31355F6F66666963655F303363225D',X'4D617A6542616E6B57657374',0,1,0,X'7B2278223A2D313339302E37362C2279223A2D3437392E32322C227A223A37322E30347D',2700000);

/*!40000 ALTER TABLE `properties` ENABLE KEYS */;
UNLOCK TABLES;


# Dump of table rented_vehicles
# ------------------------------------------------------------

DROP TABLE IF EXISTS `rented_vehicles`;

CREATE TABLE `rented_vehicles` (
  `vehicle` varchar(60) COLLATE utf8mb4_bin NOT NULL,
  `plate` varchar(12) COLLATE utf8mb4_bin NOT NULL,
  `player_name` varchar(255) COLLATE utf8mb4_bin NOT NULL,
  `base_price` int(11) NOT NULL,
  `rent_price` int(11) NOT NULL,
  `owner` varchar(22) COLLATE utf8mb4_bin NOT NULL,
  PRIMARY KEY (`plate`)
) ENGINE=InnoDB DEFAULT CHARSET=utf8mb4 COLLATE=utf8mb4_bin;



# Dump of table shops
# ------------------------------------------------------------

DROP TABLE IF EXISTS `shops`;

CREATE TABLE `shops` (
  `id` int(11) NOT NULL AUTO_INCREMENT,
  `store` varchar(100) COLLATE utf8mb4_bin NOT NULL,
  `item` varchar(100) COLLATE utf8mb4_bin NOT NULL,
  `price` int(11) NOT NULL,
  PRIMARY KEY (`id`)
) ENGINE=InnoDB DEFAULT CHARSET=utf8mb4 COLLATE=utf8mb4_bin;

LOCK TABLES `shops` WRITE;
/*!40000 ALTER TABLE `shops` DISABLE KEYS */;

INSERT INTO `shops` (`id`, `store`, `item`, `price`)
VALUES
	(1,X'5477656E7479466F7572536576656E',X'6272656164',30),
	(2,X'5477656E7479466F7572536576656E',X'7761746572',15),
	(3,X'526F62734C6971756F72',X'6272656164',30),
	(4,X'526F62734C6971756F72',X'7761746572',15),
	(5,X'4C54446761736F6C696E65',X'6272656164',30),
	(6,X'4C54446761736F6C696E65',X'7761746572',15);

/*!40000 ALTER TABLE `shops` ENABLE KEYS */;
UNLOCK TABLES;


# Dump of table society_moneywash
# ------------------------------------------------------------

DROP TABLE IF EXISTS `society_moneywash`;

CREATE TABLE `society_moneywash` (
  `id` int(11) NOT NULL AUTO_INCREMENT,
  `identifier` varchar(60) COLLATE utf8mb4_bin NOT NULL,
  `society` varchar(60) COLLATE utf8mb4_bin NOT NULL,
  `amount` int(11) NOT NULL,
  PRIMARY KEY (`id`)
) ENGINE=InnoDB DEFAULT CHARSET=utf8mb4 COLLATE=utf8mb4_bin;



# Dump of table twitter_accounts
# ------------------------------------------------------------

DROP TABLE IF EXISTS `twitter_accounts`;

CREATE TABLE `twitter_accounts` (
  `id` int(11) NOT NULL AUTO_INCREMENT,
  `username` varchar(50) CHARACTER SET utf8 NOT NULL DEFAULT '0',
  `password` varchar(50) COLLATE utf8mb4_bin NOT NULL DEFAULT '0',
  `avatar_url` varchar(255) COLLATE utf8mb4_bin DEFAULT NULL,
  PRIMARY KEY (`id`),
  UNIQUE KEY `username` (`username`)
) ENGINE=InnoDB DEFAULT CHARSET=utf8mb4 COLLATE=utf8mb4_bin;



# Dump of table twitter_likes
# ------------------------------------------------------------

DROP TABLE IF EXISTS `twitter_likes`;

CREATE TABLE `twitter_likes` (
  `id` int(11) NOT NULL AUTO_INCREMENT,
  `authorId` int(11) DEFAULT NULL,
  `tweetId` int(11) DEFAULT NULL,
  PRIMARY KEY (`id`),
  KEY `FK_twitter_likes_twitter_accounts` (`authorId`),
  KEY `FK_twitter_likes_twitter_tweets` (`tweetId`),
  CONSTRAINT `FK_twitter_likes_twitter_accounts` FOREIGN KEY (`authorId`) REFERENCES `twitter_accounts` (`id`),
  CONSTRAINT `FK_twitter_likes_twitter_tweets` FOREIGN KEY (`tweetId`) REFERENCES `twitter_tweets` (`id`) ON DELETE CASCADE
) ENGINE=InnoDB DEFAULT CHARSET=utf8mb4 COLLATE=utf8mb4_bin;



# Dump of table twitter_tweets
# ------------------------------------------------------------

DROP TABLE IF EXISTS `twitter_tweets`;

CREATE TABLE `twitter_tweets` (
  `id` int(11) NOT NULL AUTO_INCREMENT,
  `authorId` int(11) NOT NULL,
  `realUser` varchar(50) COLLATE utf8mb4_unicode_ci DEFAULT NULL,
  `message` varchar(256) COLLATE utf8mb4_unicode_ci NOT NULL,
  `time` timestamp NOT NULL DEFAULT current_timestamp(),
  `likes` int(11) NOT NULL DEFAULT 0,
  PRIMARY KEY (`id`),
  KEY `FK_twitter_tweets_twitter_accounts` (`authorId`),
  CONSTRAINT `FK_twitter_tweets_twitter_accounts` FOREIGN KEY (`authorId`) REFERENCES `twitter_accounts` (`id`)
) ENGINE=InnoDB DEFAULT CHARSET=utf8mb4 COLLATE=utf8mb4_unicode_ci;



# Dump of table user_accounts
# ------------------------------------------------------------

DROP TABLE IF EXISTS `user_accounts`;

CREATE TABLE `user_accounts` (
  `id` int(11) NOT NULL AUTO_INCREMENT,
  `identifier` varchar(22) COLLATE utf8mb4_bin NOT NULL,
  `name` varchar(50) COLLATE utf8mb4_bin NOT NULL,
  `money` double NOT NULL DEFAULT 0,
  PRIMARY KEY (`id`)
) ENGINE=InnoDB DEFAULT CHARSET=utf8mb4 COLLATE=utf8mb4_bin;

LOCK TABLES `user_accounts` WRITE;
/*!40000 ALTER TABLE `user_accounts` DISABLE KEYS */;

INSERT INTO `user_accounts` (`id`, `identifier`, `name`, `money`)
VALUES
	(3,X'43686172313A313130303030313035663634633531',X'626C61636B5F6D6F6E6579',0),
	(4,X'737465616D3A313130303030313035663634633531',X'626C61636B5F6D6F6E6579',0);

/*!40000 ALTER TABLE `user_accounts` ENABLE KEYS */;
UNLOCK TABLES;


# Dump of table user_contacts
# ------------------------------------------------------------

DROP TABLE IF EXISTS `user_contacts`;

CREATE TABLE `user_contacts` (
  `id` int(11) NOT NULL AUTO_INCREMENT,
  `identifier` varchar(255) COLLATE utf8mb4_bin NOT NULL,
  `name` varchar(255) COLLATE utf8mb4_bin NOT NULL,
  `number` int(11) NOT NULL,
  PRIMARY KEY (`id`)
) ENGINE=InnoDB DEFAULT CHARSET=utf8mb4 COLLATE=utf8mb4_bin;



# Dump of table user_inventory
# ------------------------------------------------------------

DROP TABLE IF EXISTS `user_inventory`;

CREATE TABLE `user_inventory` (
  `id` int(11) NOT NULL AUTO_INCREMENT,
  `identifier` varchar(22) COLLATE utf8mb4_bin NOT NULL,
  `item` varchar(50) COLLATE utf8mb4_bin NOT NULL,
  `count` int(11) NOT NULL,
  PRIMARY KEY (`id`)
) ENGINE=InnoDB DEFAULT CHARSET=utf8mb4 COLLATE=utf8mb4_bin;

LOCK TABLES `user_inventory` WRITE;
/*!40000 ALTER TABLE `user_inventory` DISABLE KEYS */;

INSERT INTO `user_inventory` (`id`, `identifier`, `item`, `count`)
VALUES
	(63,X'737465616D3A313130303030313035663634633531',X'616C6976655F636869636B656E',0),
	(64,X'737465616D3A313130303030313035663634633531',X'6375747465645F776F6F64',0),
	(65,X'737465616D3A313130303030313035663634633531',X'7761736865645F73746F6E65',0),
	(66,X'737465616D3A313130303030313035663634633531',X'776F6F6C',0),
	(67,X'737465616D3A313130303030313035663634633531',X'657373656E6365',0),
	(68,X'737465616D3A313130303030313035663634633531',X'62616E64616765',0),
	(69,X'737465616D3A313130303030313035663634633531',X'776F6F64',0),
	(70,X'737465616D3A313130303030313035663634633531',X'6D6172696A75616E61',0),
	(71,X'737465616D3A313130303030313035663634633531',X'706574726F6C',0),
	(72,X'737465616D3A313130303030313035663634633531',X'7761746572',0),
	(73,X'737465616D3A313130303030313035663634633531',X'73746F6E65',0),
	(74,X'737465616D3A313130303030313035663634633531',X'6469616D6F6E64',0),
	(75,X'737465616D3A313130303030313035663634633531',X'736C6175676874657265645F636869636B656E',0),
	(76,X'737465616D3A313130303030313035663634633531',X'6D6564696B6974',0),
	(77,X'737465616D3A313130303030313035663634633531',X'706574726F6C5F72616666696E',0),
	(78,X'737465616D3A313130303030313035663634633531',X'7061636B616765645F636869636B656E',0),
	(79,X'737465616D3A313130303030313035663634633531',X'7061636B616765645F706C616E6B',0),
	(80,X'737465616D3A313130303030313035663634633531',X'636F70706572',0),
	(81,X'737465616D3A313130303030313035663634633531',X'69726F6E',0),
	(82,X'737465616D3A313130303030313035663634633531',X'63616E6E61626973',0),
	(83,X'737465616D3A313130303030313035663634633531',X'676F6C64',0),
	(84,X'737465616D3A313130303030313035663634633531',X'6361726F746F6F6C',0),
	(85,X'737465616D3A313130303030313035663634633531',X'6272656164',0),
	(86,X'737465616D3A313130303030313035663634633531',X'666162726963',0),
	(87,X'737465616D3A313130303030313035663634633531',X'626C6F7770697065',0),
	(88,X'737465616D3A313130303030313035663634633531',X'66697368',0),
	(89,X'737465616D3A313130303030313035663634633531',X'666978746F6F6C',0),
	(90,X'737465616D3A313130303030313035663634633531',X'67617A626F74746C65',0),
	(91,X'737465616D3A313130303030313035663634633531',X'6361726F6B6974',0),
	(92,X'737465616D3A313130303030313035663634633531',X'636C6F746865',0),
	(93,X'737465616D3A313130303030313035663634633531',X'6669786B6974',0),
	(94,X'737465616D3A313130303030313035663634633531',X'77656564',0),
	(95,X'737465616D3A313130303030313035663634633531',X'6D6574685F706F6F6368',0),
	(96,X'737465616D3A313130303030313035663634633531',X'636F6B655F706F6F6368',0),
	(97,X'737465616D3A313130303030313035663634633531',X'6F7069756D',0),
	(98,X'737465616D3A313130303030313035663634633531',X'776565645F706F6F6368',0),
	(99,X'737465616D3A313130303030313035663634633531',X'636F6B65',0),
	(100,X'737465616D3A313130303030313035663634633531',X'6D657468',0),
	(101,X'737465616D3A313130303030313035663634633531',X'6F7069756D5F706F6F6368',0),
	(102,X'737465616D3A313130303030313035663634633531',X'6D6F6E657977617368',1),
	(103,X'737465616D3A313130303030313035663634633531',X'6368656D6963616C73',3),
	(104,X'737465616D3A313130303030313035663634633531',X'6865726F696E',0),
	(105,X'737465616D3A313130303030313035663634633531',X'687964726F63686C6F7269635F61636964',0),
	(106,X'737465616D3A313130303030313035663634633531',X'6368656D6963616C736C6973656E6365',1),
	(107,X'737465616D3A313130303030313035663634633531',X'636F63615F6C656166',0),
	(108,X'737465616D3A313130303030313035663634633531',X'7468696F6E796C5F63686C6F72696465',0),
	(109,X'737465616D3A313130303030313035663634633531',X'73756C66757269635F61636964',0),
	(110,X'737465616D3A313130303030313035663634633531',X'6C7364',0),
	(111,X'737465616D3A313130303030313035663634633531',X'706F707079726573696E',0),
	(112,X'737465616D3A313130303030313035663634633531',X'736F6469756D5F687964726F78696465',0),
	(113,X'737465616D3A313130303030313035663634633531',X'6C7361',0);

/*!40000 ALTER TABLE `user_inventory` ENABLE KEYS */;
UNLOCK TABLES;


# Dump of table user_lastcharacter
# ------------------------------------------------------------

DROP TABLE IF EXISTS `user_lastcharacter`;

CREATE TABLE `user_lastcharacter` (
  `steamid` varchar(255) NOT NULL,
  `charid` int(11) NOT NULL
) ENGINE=InnoDB DEFAULT CHARSET=latin1;

LOCK TABLES `user_lastcharacter` WRITE;
/*!40000 ALTER TABLE `user_lastcharacter` DISABLE KEYS */;

INSERT INTO `user_lastcharacter` (`steamid`, `charid`)
VALUES
	('steam:110000105f64c51',2);

/*!40000 ALTER TABLE `user_lastcharacter` ENABLE KEYS */;
UNLOCK TABLES;


# Dump of table user_licenses
# ------------------------------------------------------------

DROP TABLE IF EXISTS `user_licenses`;

CREATE TABLE `user_licenses` (
  `id` int(11) NOT NULL AUTO_INCREMENT,
  `type` varchar(60) COLLATE utf8mb4_bin NOT NULL,
  `owner` varchar(60) COLLATE utf8mb4_bin NOT NULL,
  PRIMARY KEY (`id`)
) ENGINE=InnoDB DEFAULT CHARSET=utf8mb4 COLLATE=utf8mb4_bin;



# Dump of table user_parkings
# ------------------------------------------------------------

DROP TABLE IF EXISTS `user_parkings`;

CREATE TABLE `user_parkings` (
  `id` int(11) NOT NULL AUTO_INCREMENT,
  `identifier` varchar(60) COLLATE utf8mb4_bin DEFAULT NULL,
  `garage` varchar(60) COLLATE utf8mb4_bin DEFAULT NULL,
  `zone` int(11) NOT NULL,
  `vehicle` longtext COLLATE utf8mb4_bin DEFAULT NULL,
  PRIMARY KEY (`id`)
) ENGINE=InnoDB DEFAULT CHARSET=utf8mb4 COLLATE=utf8mb4_bin;



# Dump of table users
# ------------------------------------------------------------

DROP TABLE IF EXISTS `users`;

CREATE TABLE `users` (
  `identifier` varchar(50) COLLATE utf8mb4_bin DEFAULT NULL,
  `license` varchar(50) COLLATE utf8mb4_bin DEFAULT NULL,
  `money` int(11) DEFAULT NULL,
  `name` varchar(50) COLLATE utf8mb4_bin DEFAULT '',
  `skin` longtext COLLATE utf8mb4_bin DEFAULT NULL,
  `job` varchar(50) COLLATE utf8mb4_bin DEFAULT 'unemployed',
  `job_grade` int(11) DEFAULT 0,
  `loadout` longtext COLLATE utf8mb4_bin DEFAULT NULL,
  `position` varchar(255) COLLATE utf8mb4_bin DEFAULT NULL,
  `bank` int(11) DEFAULT NULL,
  `permission_level` int(11) DEFAULT NULL,
  `group` varchar(50) COLLATE utf8mb4_bin DEFAULT NULL,
  `phone_number` int(11) DEFAULT NULL,
  `last_property` varchar(255) COLLATE utf8mb4_bin DEFAULT NULL,
  `is_dead` tinyint(1) DEFAULT 0,
  `status` longtext COLLATE utf8mb4_bin DEFAULT NULL,
  `firstname` varchar(50) COLLATE utf8mb4_bin DEFAULT '',
  `lastname` varchar(50) COLLATE utf8mb4_bin DEFAULT '',
  `dateofbirth` varchar(25) COLLATE utf8mb4_bin DEFAULT '',
  `sex` varchar(10) COLLATE utf8mb4_bin DEFAULT '',
  `height` varchar(5) COLLATE utf8mb4_bin DEFAULT ''
) ENGINE=InnoDB DEFAULT CHARSET=utf8mb4 COLLATE=utf8mb4_bin;

LOCK TABLES `users` WRITE;
/*!40000 ALTER TABLE `users` DISABLE KEYS */;

INSERT INTO `users` (`identifier`, `license`, `money`, `name`, `skin`, `job`, `job_grade`, `loadout`, `position`, `bank`, `permission_level`, `group`, `phone_number`, `last_property`, `is_dead`, `status`, `firstname`, `lastname`, `dateofbirth`, `sex`, `height`)
VALUES
	(X'737465616D3A313130303030313035663634633531',X'6C6963656E73653A63336165336664353337356331343431646137383865633666393338306263633638303438343662',4999760,X'5B324C2D3430335D204563686F',X'7B226167655F31223A302C2262726163656C6574735F31223A2D312C2270616E74735F31223A31302C2262656172645F32223A302C2263686573745F33223A302C2266616365223A31302C226D616B6575705F31223A302C2273686F65735F31223A332C2268656C6D65745F32223A302C22746F72736F5F31223A302C22626C656D69736865735F32223A302C22776174636865735F31223A2D312C2270616E74735F32223A302C2265796562726F77735F32223A302C22746F72736F5F32223A302C22676C61737365735F31223A302C22636F6D706C6578696F6E5F32223A302C2265796562726F77735F33223A302C2262656172645F33223A302C22686169725F636F6C6F725F32223A312C22656172735F31223A2D312C22636861696E5F32223A302C22626C7573685F31223A302C226D616B6575705F33223A302C226167655F32223A302C22676C61737365735F32223A302C226C6970737469636B5F31223A302C2262656172645F34223A302C22736578223A302C22636F6D706C6578696F6E5F31223A302C227473686972745F31223A302C22646563616C735F32223A302C22686169725F32223A342C226D6F6C65735F31223A302C226D61736B5F32223A302C2263686573745F32223A302C2261726D73223A302C22626167735F31223A302C2265796562726F77735F34223A302C22776174636865735F32223A302C226D6F6C65735F32223A302C22626167735F32223A302C22736B696E223A302C226270726F6F665F32223A302C2261726D735F32223A302C2273756E5F31223A302C226579655F636F6C6F72223A302C22626F6479625F31223A302C22626C7573685F33223A302C226C6970737469636B5F34223A302C226D61736B5F31223A302C2262656172645F31223A302C226C6970737469636B5F32223A302C226C6970737469636B5F33223A302C22626C7573685F32223A302C22646563616C735F31223A302C22686169725F636F6C6F725F31223A322C2263686573745F31223A302C22626F6479625F32223A302C2262726163656C6574735F32223A302C22636861696E5F31223A302C226D616B6575705F32223A302C2273756E5F32223A302C2265796562726F77735F31223A302C226D616B6575705F34223A302C22686169725F31223A32312C2273686F65735F32223A302C226270726F6F665F31223A302C22626C656D69736865735F31223A302C227473686972745F32223A302C2268656C6D65745F31223A2D312C22656172735F32223A307D',X'706F6C696365',0,X'5B5D',X'7B227A223A34332E3139393939393939393939382C2279223A2D3539312E31393939393939393939362C2278223A3331342E35393939393939393939387D',5001590,0,X'61646D696E',77326,NULL,1,X'5B5D',X'4563686F',X'52796C6579',X'313939382D30392D3039',X'6D',X'313732'),
	(X'737465616D3A313130303030313137656461363734',X'6C6963656E73653A36386232383332373438643061336236306139396134333961646234326435393866613531623632',5000000,X'4D69796167616761',X'7B22746F72736F5F31223A382C2273756E5F31223A302C22626C656D69736865735F32223A302C2266616365223A33312C226167655F32223A302C22636F6D706C6578696F6E5F32223A302C227473686972745F31223A31362C22776174636865735F32223A302C226D6F6C65735F32223A302C2262656172645F34223A302C22626C7573685F32223A302C22736B696E223A31322C22646563616C735F31223A302C226D61736B5F32223A302C22736578223A312C226D6F6C65735F31223A302C226D616B6575705F34223A302C22626C656D69736865735F31223A302C2262726163656C6574735F32223A302C22626F6479625F31223A302C22626167735F31223A302C22686169725F31223A34382C226C6970737469636B5F31223A302C22746F72736F5F32223A322C22776174636865735F31223A2D312C227473686972745F32223A352C22636F6D706C6578696F6E5F31223A302C22656172735F31223A2D312C22646563616C735F32223A302C226D616B6575705F33223A302C2262656172645F31223A302C22686169725F636F6C6F725F31223A31302C2270616E74735F32223A312C226C6970737469636B5F33223A302C22686169725F636F6C6F725F32223A352C22636861696E5F32223A302C22676C61737365735F32223A302C226D61736B5F31223A302C2273686F65735F31223A32362C22626C7573685F33223A302C2261726D735F32223A302C226270726F6F665F32223A302C226167655F31223A302C2268656C6D65745F31223A2D312C2263686573745F33223A302C2265796562726F77735F32223A302C22626F6479625F32223A302C2270616E74735F31223A342C2263686573745F31223A302C226C6970737469636B5F34223A302C226D616B6575705F31223A302C226270726F6F665F31223A302C2262656172645F32223A302C22676C61737365735F31223A31342C226C6970737469636B5F32223A302C226D616B6575705F32223A302C2273686F65735F32223A302C2265796562726F77735F33223A302C2273756E5F32223A302C22656172735F32223A302C2268656C6D65745F32223A302C2265796562726F77735F34223A302C22626C7573685F31223A302C2261726D73223A32302C2262656172645F33223A302C2262726163656C6574735F31223A2D312C2263686573745F32223A302C22636861696E5F31223A302C226579655F636F6C6F72223A302C2265796562726F77735F31223A302C22686169725F32223A302C22626167735F32223A307D',X'756E656D706C6F796564',0,X'5B7B22616D6D6F223A39302C226E616D65223A22574541504F4E5F43415242494E455249464C45222C226C6162656C223A2243617262696E65207269666C65222C22636F6D706F6E656E7473223A5B22636C69705F64656661756C74225D7D5D',X'7B2278223A31352E382C2279223A3535302E363030303030303030312C227A223A3137362E34303030303030303030327D',500001800,0,X'75736572',27622,NULL,0,X'5B5D',X'45727A61',X'536361726C6574',X'313939332D31312D3138',X'66',X'313536'),
	(X'737465616D3A313130303030313034626631633263',X'6C6963656E73653A37613432343433373632373734313866633431613663343630623061646362323162343030613936',-48,X'53616C7479626164676572',X'7B2266616365223A302C2262726163656C6574735F31223A2D312C226D616B6575705F31223A302C226D616B6575705F32223A302C22736578223A302C2270616E74735F32223A302C22626C7573685F31223A302C22676C61737365735F32223A302C226D6F6C65735F32223A302C2268656C6D65745F31223A2D312C2273686F65735F32223A302C22686169725F636F6C6F725F32223A302C2261726D73223A302C226270726F6F665F32223A302C226C6970737469636B5F33223A302C2273756E5F32223A302C2265796562726F77735F33223A302C226270726F6F665F31223A302C2273756E5F31223A302C2263686573745F33223A302C22636F6D706C6578696F6E5F31223A302C2262656172645F32223A302C22626C656D69736865735F31223A302C2261726D735F32223A302C226D6F6C65735F31223A302C226D61736B5F31223A302C22736B696E223A302C226167655F32223A302C22686169725F31223A302C2262726163656C6574735F32223A302C2262656172645F31223A302C226C6970737469636B5F31223A302C226D61736B5F32223A302C22626F6479625F31223A302C22686169725F636F6C6F725F31223A302C22746F72736F5F32223A302C22686169725F32223A302C22646563616C735F32223A302C226167655F31223A302C2263686573745F31223A302C2265796562726F77735F31223A302C227473686972745F31223A302C2265796562726F77735F34223A302C22636861696E5F31223A302C22746F72736F5F31223A302C2262656172645F34223A302C2270616E74735F31223A302C22656172735F31223A2D312C22656172735F32223A302C2268656C6D65745F32223A302C22776174636865735F31223A2D312C22636861696E5F32223A302C227473686972745F32223A302C22626C7573685F32223A302C2273686F65735F31223A302C22636F6D706C6578696F6E5F32223A302C226D616B6575705F34223A302C2265796562726F77735F32223A302C22626C656D69736865735F32223A302C226D616B6575705F33223A302C22626167735F32223A302C226C6970737469636B5F34223A302C22676C61737365735F31223A302C226579655F636F6C6F72223A302C22626F6479625F32223A302C226C6970737469636B5F32223A302C2263686573745F32223A302C2262656172645F33223A302C22646563616C735F31223A302C22626167735F31223A302C22776174636865735F32223A302C22626C7573685F33223A307D',X'756E656D706C6F796564',0,X'5B7B22616D6D6F223A302C226E616D65223A22574541504F4E5F504953544F4C222C22636F6D706F6E656E7473223A5B22636C69705F64656661756C74225D2C226C6162656C223A22506973746F6C227D2C7B22616D6D6F223A31372C226E616D65223A22574541504F4E5F43415242494E455249464C45222C22636F6D706F6E656E7473223A5B22636C69705F64656661756C74225D2C226C6162656C223A2243617262696E65207269666C65227D5D',X'7B2278223A313832312E373939393939393939382C2279223A2D313132312E302C227A223A38312E3339393939393939393939347D',2400,0,X'75736572',NULL,NULL,0,X'5B5D',X'446F6E',X'5768616E',X'323030302D30312D3031',X'6D',X'313837');

/*!40000 ALTER TABLE `users` ENABLE KEYS */;
UNLOCK TABLES;


# Dump of table vehicle_categories
# ------------------------------------------------------------

DROP TABLE IF EXISTS `vehicle_categories`;

CREATE TABLE `vehicle_categories` (
  `name` varchar(60) COLLATE utf8mb4_bin NOT NULL,
  `label` varchar(60) COLLATE utf8mb4_bin NOT NULL,
  PRIMARY KEY (`name`)
) ENGINE=InnoDB DEFAULT CHARSET=utf8mb4 COLLATE=utf8mb4_bin;

LOCK TABLES `vehicle_categories` WRITE;
/*!40000 ALTER TABLE `vehicle_categories` DISABLE KEYS */;

INSERT INTO `vehicle_categories` (`name`, `label`)
VALUES
	(X'636F6D7061637473',X'436F6D7061637473'),
	(X'636F75706573',X'436F75706573'),
	(X'6D6F746F726379636C6573',X'4D6F746F73'),
	(X'6D7573636C65',X'4D7573636C65'),
	(X'6F6666726F6164',X'4F666620526F6164'),
	(X'736564616E73',X'536564616E73'),
	(X'73706F727473',X'53706F727473'),
	(X'73706F727473636C617373696373',X'53706F72747320436C617373696373'),
	(X'7375706572',X'5375706572'),
	(X'73757673',X'53555673'),
	(X'76616E73',X'56616E73');

/*!40000 ALTER TABLE `vehicle_categories` ENABLE KEYS */;
UNLOCK TABLES;


# Dump of table vehicle_sold
# ------------------------------------------------------------

DROP TABLE IF EXISTS `vehicle_sold`;

CREATE TABLE `vehicle_sold` (
  `client` varchar(50) COLLATE utf8mb4_bin NOT NULL,
  `model` varchar(50) COLLATE utf8mb4_bin NOT NULL,
  `plate` varchar(50) COLLATE utf8mb4_bin NOT NULL,
  `soldby` varchar(50) COLLATE utf8mb4_bin NOT NULL,
  `date` varchar(50) COLLATE utf8mb4_bin NOT NULL,
  PRIMARY KEY (`plate`)
) ENGINE=InnoDB DEFAULT CHARSET=utf8mb4 COLLATE=utf8mb4_bin;



# Dump of table vehicles
# ------------------------------------------------------------

DROP TABLE IF EXISTS `vehicles`;

CREATE TABLE `vehicles` (
  `name` varchar(60) COLLATE utf8mb4_bin NOT NULL,
  `model` varchar(60) COLLATE utf8mb4_bin NOT NULL,
  `price` int(11) NOT NULL,
  `category` varchar(60) COLLATE utf8mb4_bin DEFAULT NULL,
  PRIMARY KEY (`model`)
) ENGINE=InnoDB DEFAULT CHARSET=utf8mb4 COLLATE=utf8mb4_bin;

LOCK TABLES `vehicles` WRITE;
/*!40000 ALTER TABLE `vehicles` DISABLE KEYS */;

INSERT INTO `vehicles` (`name`, `model`, `price`, `category`)
VALUES
	(X'416B756D61',X'414B554D41',7500,X'6D6F746F726379636C6573'),
	(X'4164646572',X'6164646572',900000,X'7375706572'),
	(X'416C706861',X'616C706861',60000,X'73706F727473'),
	(X'417264656E74',X'617264656E74',1150000,X'73706F727473636C617373696373'),
	(X'41736561',X'61736561',5500,X'736564616E73'),
	(X'41757461726368',X'61757461726368',1955000,X'7375706572'),
	(X'417661727573',X'617661727573',18000,X'6D6F746F726379636C6573'),
	(X'426167676572',X'626167676572',13500,X'6D6F746F726379636C6573'),
	(X'42616C6C6572',X'62616C6C657232',40000,X'73757673'),
	(X'42616C6C65722053706F7274',X'62616C6C657233',60000,X'73757673'),
	(X'42616E73686565',X'62616E73686565',70000,X'73706F727473'),
	(X'42616E736865652039303052',X'62616E7368656532',255000,X'7375706572'),
	(X'4261746920383031',X'62617469',12000,X'6D6F746F726379636C6573'),
	(X'42617469203830315252',X'6261746932',19000,X'6D6F746F726379636C6573'),
	(X'42657374696120475453',X'626573746961677473',55000,X'73706F727473'),
	(X'4246343030',X'6266343030',6500,X'6D6F746F726379636C6573'),
	(X'426620496E6A656374696F6E',X'6266696E6A656374696F6E',16000,X'6F6666726F6164'),
	(X'4269667461',X'6269667461',12000,X'6F6666726F6164'),
	(X'4269736F6E',X'6269736F6E',45000,X'76616E73'),
	(X'426C616465',X'626C616465',15000,X'6D7573636C65'),
	(X'426C617A6572',X'626C617A6572',6500,X'6F6666726F6164'),
	(X'426C617A65722053706F7274',X'626C617A657234',8500,X'6F6666726F6164'),
	(X'626C617A657235',X'626C617A657235',1755600,X'6F6666726F6164'),
	(X'426C69737461',X'626C69737461',8000,X'636F6D7061637473'),
	(X'424D58202876656C6F29',X'626D78',160,X'6D6F746F726379636C6573'),
	(X'426F6263617420584C',X'626F62636174786C',32000,X'76616E73'),
	(X'427261776C6572',X'627261776C6572',45000,X'6F6666726F6164'),
	(X'4272696F736F20522F41',X'6272696F736F',18000,X'636F6D7061637473'),
	(X'4274797065',X'6274797065',62000,X'73706F727473636C617373696373'),
	(X'427479706520486F74726F6164',X'627479706532',155000,X'73706F727473636C617373696373'),
	(X'4274797065204C757865',X'627479706533',85000,X'73706F727473636C617373696373'),
	(X'42756363616E656572',X'62756363616E656572',18000,X'6D7573636C65'),
	(X'42756363616E656572205269646572',X'62756363616E65657232',24000,X'6D7573636C65'),
	(X'42756666616C6F',X'62756666616C6F',12000,X'73706F727473'),
	(X'42756666616C6F2053',X'62756666616C6F32',20000,X'73706F727473'),
	(X'42756C6C6574',X'62756C6C6574',90000,X'7375706572'),
	(X'4275727269746F',X'6275727269746F33',19000,X'76616E73'),
	(X'43616D706572',X'63616D706572',42000,X'76616E73'),
	(X'436172626F6E697A7A617265',X'636172626F6E697A7A617265',75000,X'73706F727473'),
	(X'436172626F6E205253',X'636172626F6E7273',18000,X'6D6F746F726379636C6573'),
	(X'436173636F',X'636173636F',30000,X'73706F727473636C617373696373'),
	(X'436176616C63616465',X'636176616C6361646532',55000,X'73757673'),
	(X'43686565746168',X'63686565746168',375000,X'7375706572'),
	(X'4368696D657261',X'6368696D657261',38000,X'6D6F746F726379636C6573'),
	(X'4368696E6F',X'6368696E6F',15000,X'6D7573636C65'),
	(X'4368696E6F204C757865',X'6368696E6F32',19000,X'6D7573636C65'),
	(X'436C69666668616E676572',X'636C69666668616E676572',9500,X'6D6F746F726379636C6573'),
	(X'436F676E6F7363656E74692043616272696F',X'636F6763616272696F',55000,X'636F75706573'),
	(X'436F676E6F7363656E7469',X'636F676E6F7363656E7469',55000,X'736564616E73'),
	(X'436F6D6574',X'636F6D657432',65000,X'73706F727473'),
	(X'436F6D65742035',X'636F6D657435',1145000,X'73706F727473'),
	(X'436F6E74656E646572',X'636F6E74656E646572',70000,X'73757673'),
	(X'436F717565747465',X'636F717565747465',65000,X'73706F727473'),
	(X'436F71756574746520436C6173736963',X'636F71756574746532',40000,X'73706F727473636C617373696373'),
	(X'436F71756574746520426C61636B46696E',X'636F71756574746533',55000,X'6D7573636C65'),
	(X'43727569736572202876656C6F29',X'63727569736572',510,X'6D6F746F726379636C6573'),
	(X'4379636C6F6E65',X'6379636C6F6E65',1890000,X'7375706572'),
	(X'4461656D6F6E',X'6461656D6F6E',11500,X'6D6F746F726379636C6573'),
	(X'4461656D6F6E2048696768',X'6461656D6F6E32',13500,X'6D6F746F726379636C6573'),
	(X'446566696C6572',X'646566696C6572',9800,X'6D6F746F726379636C6573'),
	(X'44656C75786F',X'64656C75786F',4721500,X'73706F727473636C617373696373'),
	(X'446F6D696E61746F72',X'646F6D696E61746F72',35000,X'6D7573636C65'),
	(X'446F75626C652054',X'646F75626C65',28000,X'6D6F746F726379636C6573'),
	(X'447562737461',X'647562737461',45000,X'73757673'),
	(X'447562737461204C757875617279',X'64756273746132',60000,X'73757673'),
	(X'42756273746120367836',X'64756273746133',120000,X'6F6666726F6164'),
	(X'44756B6573',X'64756B6573',28000,X'6D7573636C65'),
	(X'44756E65204275676779',X'64756E65',8000,X'6F6666726F6164'),
	(X'456C656779',X'656C65677932',38500,X'73706F727473'),
	(X'456D7065726F72',X'656D7065726F72',8500,X'736564616E73'),
	(X'456E6475726F',X'656E6475726F',5500,X'6D6F746F726379636C6573'),
	(X'456E74697479205846',X'656E746974797866',425000,X'7375706572'),
	(X'4573736B6579',X'6573736B6579',4200,X'6D6F746F726379636C6573'),
	(X'4578656D706C6172',X'6578656D706C6172',32000,X'636F75706573'),
	(X'46363230',X'66363230',40000,X'636F75706573'),
	(X'46616374696F6E',X'66616374696F6E',20000,X'6D7573636C65'),
	(X'46616374696F6E205269646572',X'66616374696F6E32',30000,X'6D7573636C65'),
	(X'46616374696F6E20584C',X'66616374696F6E33',40000,X'6D7573636C65'),
	(X'46616767696F',X'66616767696F',1900,X'6D6F746F726379636C6573'),
	(X'5665737061',X'66616767696F32',2800,X'6D6F746F726379636C6573'),
	(X'46656C6F6E',X'66656C6F6E',42000,X'636F75706573'),
	(X'46656C6F6E204754',X'66656C6F6E32',55000,X'636F75706573'),
	(X'46656C747A6572',X'66656C747A657232',55000,X'73706F727473'),
	(X'537469726C696E67204754',X'66656C747A657233',65000,X'73706F727473636C617373696373'),
	(X'466978746572202876656C6F29',X'666978746572',225,X'6D6F746F726379636C6573'),
	(X'464D4A',X'666D6A',185000,X'7375706572'),
	(X'4668616E746F6D',X'667132',17000,X'73757673'),
	(X'4675676974697665',X'6675676974697665',12000,X'736564616E73'),
	(X'4675726F7265204754',X'6675726F72656774',45000,X'73706F727473'),
	(X'467573696C616465',X'667573696C616465',40000,X'73706F727473'),
	(X'476172676F796C65',X'676172676F796C65',16500,X'6D6F746F726379636C6573'),
	(X'4761756E746C6574',X'6761756E746C6574',30000,X'6D7573636C65'),
	(X'47616E67204275727269746F',X'676275727269746F',45000,X'76616E73'),
	(X'4275727269746F',X'676275727269746F32',29000,X'76616E73'),
	(X'476C656E64616C65',X'676C656E64616C65',6500,X'736564616E73'),
	(X'47726162676572',X'6772616E676572',50000,X'73757673'),
	(X'477265736C6579',X'677265736C6579',47500,X'73757673'),
	(X'475420353030',X'6774353030',785000,X'73706F727473636C617373696373'),
	(X'477561726469616E',X'677561726469616E',45000,X'6F6666726F6164'),
	(X'48616B7563686F75',X'68616B7563686F75',31000,X'6D6F746F726379636C6573'),
	(X'48616B7563686F752053706F7274',X'68616B7563686F7532',55000,X'6D6F746F726379636C6573'),
	(X'4865726D6573',X'6865726D6573',535000,X'6D7573636C65'),
	(X'4865786572',X'6865786572',12000,X'6D6F746F726379636C6573'),
	(X'486F746B6E696665',X'686F746B6E696665',125000,X'6D7573636C65'),
	(X'48756E746C65792053',X'68756E746C6579',40000,X'73757673'),
	(X'487573746C6572',X'687573746C6572',625000,X'6D7573636C65'),
	(X'496E6665726E7573',X'696E6665726E7573',180000,X'7375706572'),
	(X'496E6E6F766174696F6E',X'696E6E6F766174696F6E',23500,X'6D6F746F726379636C6573'),
	(X'496E747275646572',X'696E747275646572',7500,X'736564616E73'),
	(X'49737369',X'6973736932',10000,X'636F6D7061637473'),
	(X'4A61636B616C',X'6A61636B616C',38000,X'636F75706573'),
	(X'4A6573746572',X'6A6573746572',65000,X'73706F727473'),
	(X'4A6573746572285261636563617229',X'6A657374657232',135000,X'73706F727473'),
	(X'4A6F75726E6579',X'6A6F75726E6579',6500,X'76616E73'),
	(X'4B616D6163686F',X'6B616D6163686F',345000,X'6F6666726F6164'),
	(X'4B68616D656C696F6E',X'6B68616D656C696F6E',38000,X'73706F727473'),
	(X'4B7572756D61',X'6B7572756D61',30000,X'73706F727473'),
	(X'4C616E647374616C6B6572',X'6C616E647374616C6B6572',35000,X'73757673'),
	(X'52452D3742',X'6C653762',325000,X'7375706572'),
	(X'4C796E78',X'6C796E78',40000,X'73706F727473'),
	(X'4D616D6261',X'6D616D6261',70000,X'73706F727473'),
	(X'4D616E616E61',X'6D616E616E61',12800,X'73706F727473636C617373696373'),
	(X'4D616E6368657A',X'6D616E6368657A',5300,X'6D6F746F726379636C6573'),
	(X'4D6173736163726F',X'6D6173736163726F',65000,X'73706F727473'),
	(X'4D6173736163726F285261636563617229',X'6D6173736163726F32',130000,X'73706F727473'),
	(X'4D657361',X'6D657361',16000,X'73757673'),
	(X'4D65736120547261696C',X'6D65736133',40000,X'73757673'),
	(X'4D696E6976616E',X'6D696E6976616E',13000,X'76616E73'),
	(X'4D6F6E726F65',X'6D6F6E726F65',55000,X'73706F727473636C617373696373'),
	(X'546865204C6962657261746F72',X'6D6F6E73746572',210000,X'6F6666726F6164'),
	(X'4D6F6F6E6265616D',X'6D6F6F6E6265616D',18000,X'76616E73'),
	(X'4D6F6F6E6265616D205269646572',X'6D6F6F6E6265616D32',35000,X'76616E73'),
	(X'4E656D65736973',X'6E656D65736973',5800,X'6D6F746F726379636C6573'),
	(X'4E656F6E',X'6E656F6E',1500000,X'73706F727473'),
	(X'4E69676874626C616465',X'6E69676874626C616465',35000,X'6D6F746F726379636C6573'),
	(X'4E696768747368616465',X'6E696768747368616465',65000,X'6D7573636C65'),
	(X'3946',X'6E696E6566',65000,X'73706F727473'),
	(X'39462043616272696F',X'6E696E656632',80000,X'73706F727473'),
	(X'4F6D6E6973',X'6F6D6E6973',35000,X'73706F727473'),
	(X'4F7070726573736F72',X'6F7070726573736F72',3524500,X'7375706572'),
	(X'4F7261636C65205853',X'6F7261636C6532',35000,X'636F75706573'),
	(X'4F7369726973',X'6F7369726973',160000,X'7375706572'),
	(X'50616E746F',X'70616E746F',10000,X'636F6D7061637473'),
	(X'5061726164697365',X'7061726164697365',19000,X'76616E73'),
	(X'506172696168',X'706172696168',1420000,X'73706F727473'),
	(X'50617472696F74',X'70617472696F74',55000,X'73757673'),
	(X'50434A2D363030',X'70636A',6200,X'6D6F746F726379636C6573'),
	(X'50656E756D627261',X'70656E756D627261',28000,X'73706F727473'),
	(X'50666973746572',X'70666973746572383131',85000,X'7375706572'),
	(X'50686F656E6978',X'70686F656E6978',12500,X'6D7573636C65'),
	(X'50696361646F72',X'70696361646F72',18000,X'6D7573636C65'),
	(X'506967616C6C65',X'706967616C6C65',20000,X'73706F727473636C617373696373'),
	(X'50726169726965',X'70726169726965',12000,X'636F6D7061637473'),
	(X'5072656D696572',X'7072656D696572',8000,X'736564616E73'),
	(X'5072696D6F20437573746F6D',X'7072696D6F32',14000,X'736564616E73'),
	(X'5838302050726F746F',X'70726F746F7469706F',2500000,X'7375706572'),
	(X'526164697573',X'72616469',29000,X'73757673'),
	(X'72616964656E',X'72616964656E',1375000,X'73706F727473'),
	(X'5261706964204754',X'72617069646774',35000,X'73706F727473'),
	(X'526170696420475420436F6E7665727469626C65',X'7261706964677432',45000,X'73706F727473'),
	(X'526170696420475433',X'7261706964677433',885000,X'73706F727473636C617373696373'),
	(X'526561706572',X'726561706572',150000,X'7375706572'),
	(X'526562656C',X'726562656C32',35000,X'6F6666726F6164'),
	(X'526567696E61',X'726567696E61',5000,X'736564616E73'),
	(X'526574696E7565',X'726574696E7565',615000,X'73706F727473636C617373696373'),
	(X'5265766F6C746572',X'7265766F6C746572',1610000,X'73706F727473'),
	(X'7269617461',X'7269617461',380000,X'6F6666726F6164'),
	(X'526F636F746F',X'726F636F746F',45000,X'73757673'),
	(X'5275666669616E',X'7275666669616E',6800,X'6D6F746F726379636C6573'),
	(X'5275696E65722032',X'7275696E657232',5745600,X'6D7573636C65'),
	(X'52756D706F',X'72756D706F',15000,X'76616E73'),
	(X'52756D706F20547261696C',X'72756D706F33',19500,X'76616E73'),
	(X'536162726520547572626F',X'73616272656774',20000,X'6D7573636C65'),
	(X'5361627265204754',X'7361627265677432',25000,X'6D7573636C65'),
	(X'53616E6368657A',X'73616E6368657A',5300,X'6D6F746F726379636C6573'),
	(X'53616E6368657A2053706F7274',X'73616E6368657A32',5300,X'6D6F746F726379636C6573'),
	(X'53616E63747573',X'73616E63747573',25000,X'6D6F746F726379636C6573'),
	(X'53616E646B696E67',X'73616E646B696E67',55000,X'6F6666726F6164'),
	(X'5361766573747261',X'7361766573747261',990000,X'73706F727473636C617373696373'),
	(X'53432031',X'736331',1603000,X'7375706572'),
	(X'5363686166746572',X'736368616674657232',25000,X'736564616E73'),
	(X'536368616674657220563132',X'736368616674657233',50000,X'73706F727473'),
	(X'53636F7263686572202876656C6F29',X'73636F7263686572',280,X'6D6F746F726379636C6573'),
	(X'53656D696E6F6C65',X'73656D696E6F6C65',25000,X'73757673'),
	(X'53656E74696E656C',X'73656E74696E656C',32000,X'636F75706573'),
	(X'53656E74696E656C205853',X'73656E74696E656C32',40000,X'636F75706573'),
	(X'53656E74696E656C33',X'73656E74696E656C33',650000,X'73706F727473'),
	(X'536576656E203730',X'736576656E3730',39500,X'73706F727473'),
	(X'45545231',X'736865617661',220000,X'7375706572'),
	(X'53686F7461726F20436F6E63657074',X'73686F7461726F',320000,X'6D6F746F726379636C6573'),
	(X'536C616D2056616E',X'736C616D76616E33',11500,X'6D7573636C65'),
	(X'536F7665726569676E',X'736F7665726569676E',22000,X'6D6F746F726379636C6573'),
	(X'5374696E676572',X'7374696E676572',80000,X'73706F727473636C617373696373'),
	(X'5374696E676572204754',X'7374696E6765726774',75000,X'73706F727473636C617373696373'),
	(X'5374726569746572',X'7374726569746572',500000,X'73706F727473'),
	(X'53747265746368',X'73747265746368',90000,X'736564616E73'),
	(X'5374726F6D62657267',X'7374726F6D62657267',3185350,X'73706F727473'),
	(X'53756C74616E',X'73756C74616E',15000,X'73706F727473'),
	(X'53756C74616E205253',X'73756C74616E7273',65000,X'7375706572'),
	(X'5375706572204469616D6F6E64',X'737570657264',130000,X'736564616E73'),
	(X'537572616E6F',X'737572616E6F',50000,X'73706F727473'),
	(X'537572666572',X'737572666572',12000,X'76616E73'),
	(X'543230',X'743230',300000,X'7375706572'),
	(X'5461696C6761746572',X'7461696C6761746572',30000,X'736564616E73'),
	(X'54616D7061',X'74616D7061',16000,X'6D7573636C65'),
	(X'44726966742054616D7061',X'74616D706132',80000,X'73706F727473'),
	(X'546872757374',X'746872757374',24000,X'6D6F746F726379636C6573'),
	(X'5472692062696B65202876656C6F29',X'74726962696B6533',520,X'6D6F746F726379636C6573'),
	(X'54726F70687920547275636B',X'74726F706879747275636B',60000,X'6F6666726F6164'),
	(X'54726F70687920547275636B204C696D69746564',X'74726F706879747275636B32',80000,X'6F6666726F6164'),
	(X'54726F706F73',X'74726F706F73',40000,X'73706F727473'),
	(X'54757269736D6F2052',X'74757269736D6F72',350000,X'7375706572'),
	(X'5479727573',X'7479727573',600000,X'7375706572'),
	(X'5661636361',X'7661636361',120000,X'7375706572'),
	(X'5661646572',X'7661646572',7200,X'6D6F746F726379636C6573'),
	(X'5665726C6965726572',X'7665726C696572657232',70000,X'73706F727473'),
	(X'56696765726F',X'76696765726F',12500,X'6D7573636C65'),
	(X'566972676F',X'766972676F',14000,X'6D7573636C65'),
	(X'56697365726973',X'76697365726973',875000,X'73706F727473636C617373696373'),
	(X'566973696F6E65',X'766973696F6E65',2250000,X'7375706572'),
	(X'566F6C746963',X'766F6C746963',90000,X'7375706572'),
	(X'566F6C7469632032',X'766F6C74696332',3830400,X'7375706572'),
	(X'566F6F646F6F',X'766F6F646F6F',7200,X'6D7573636C65'),
	(X'566F72746578',X'766F72746578',9800,X'6D6F746F726379636C6573'),
	(X'57617272656E6572',X'77617272656E6572',4000,X'736564616E73'),
	(X'57617368696E67746F6E',X'77617368696E67746F6E',9000,X'736564616E73'),
	(X'57696E64736F72',X'77696E64736F72',95000,X'636F75706573'),
	(X'57696E64736F722044726F70',X'77696E64736F7232',125000,X'636F75706573'),
	(X'576F666C7362616E65',X'776F6C667362616E65',9000,X'6D6F746F726379636C6573'),
	(X'584C53',X'786C73',32000,X'73757673'),
	(X'596F73656D697465',X'796F73656D697465',485000,X'6D7573636C65'),
	(X'596F756761',X'796F756761',10800,X'76616E73'),
	(X'596F756761204C757875617279',X'796F75676132',14500,X'76616E73'),
	(X'5A313930',X'7A313930',900000,X'73706F727473636C617373696373'),
	(X'5A656E746F726E6F',X'7A656E746F726E6F',1500000,X'7375706572'),
	(X'5A696F6E',X'7A696F6E',36000,X'636F75706573'),
	(X'5A696F6E2043616272696F',X'7A696F6E32',45000,X'636F75706573'),
	(X'5A6F6D626965',X'7A6F6D62696561',9500,X'6D6F746F726379636C6573'),
	(X'5A6F6D626965204C757875617279',X'7A6F6D62696562',12000,X'6D6F746F726379636C6573'),
	(X'5A2D54797065',X'7A74797065',220000,X'73706F727473636C617373696373');

/*!40000 ALTER TABLE `vehicles` ENABLE KEYS */;
UNLOCK TABLES;


# Dump of table weashops
# ------------------------------------------------------------

DROP TABLE IF EXISTS `weashops`;

CREATE TABLE `weashops` (
  `id` int(11) NOT NULL AUTO_INCREMENT,
  `zone` varchar(255) COLLATE utf8mb4_bin NOT NULL,
  `item` varchar(255) COLLATE utf8mb4_bin NOT NULL,
  `price` int(11) NOT NULL,
  PRIMARY KEY (`id`)
) ENGINE=InnoDB DEFAULT CHARSET=utf8mb4 COLLATE=utf8mb4_bin;

LOCK TABLES `weashops` WRITE;
/*!40000 ALTER TABLE `weashops` DISABLE KEYS */;

INSERT INTO `weashops` (`id`, `zone`, `item`, `price`)
VALUES
	(1,X'47756E53686F70',X'574541504F4E5F504953544F4C',300),
	(2,X'426C61636B57656173686F70',X'574541504F4E5F504953544F4C',500),
	(3,X'47756E53686F70',X'574541504F4E5F464C4153484C49474854',60),
	(4,X'426C61636B57656173686F70',X'574541504F4E5F464C4153484C49474854',70),
	(5,X'47756E53686F70',X'574541504F4E5F4D414348455445',90),
	(6,X'426C61636B57656173686F70',X'574541504F4E5F4D414348455445',110),
	(7,X'47756E53686F70',X'574541504F4E5F4E49474854535449434B',150),
	(8,X'426C61636B57656173686F70',X'574541504F4E5F4E49474854535449434B',150),
	(9,X'47756E53686F70',X'574541504F4E5F424154',100),
	(10,X'426C61636B57656173686F70',X'574541504F4E5F424154',100),
	(11,X'47756E53686F70',X'574541504F4E5F5354554E47554E',50),
	(12,X'426C61636B57656173686F70',X'574541504F4E5F5354554E47554E',50),
	(13,X'47756E53686F70',X'574541504F4E5F4D4943524F534D47',1400),
	(14,X'426C61636B57656173686F70',X'574541504F4E5F4D4943524F534D47',1700),
	(15,X'47756E53686F70',X'574541504F4E5F50554D5053484F5447554E',3400),
	(16,X'426C61636B57656173686F70',X'574541504F4E5F50554D5053484F5447554E',3500),
	(17,X'47756E53686F70',X'574541504F4E5F41535341554C545249464C45',10000),
	(18,X'426C61636B57656173686F70',X'574541504F4E5F41535341554C545249464C45',11000),
	(19,X'47756E53686F70',X'574541504F4E5F5350454349414C43415242494E45',15000),
	(20,X'426C61636B57656173686F70',X'574541504F4E5F5350454349414C43415242494E45',16500),
	(21,X'47756E53686F70',X'574541504F4E5F534E495045525249464C45',22000),
	(22,X'426C61636B57656173686F70',X'574541504F4E5F534E495045525249464C45',24000),
	(23,X'47756E53686F70',X'574541504F4E5F46495245574F524B',18000),
	(24,X'426C61636B57656173686F70',X'574541504F4E5F46495245574F524B',20000),
	(25,X'47756E53686F70',X'574541504F4E5F4752454E414445',500),
	(26,X'426C61636B57656173686F70',X'574541504F4E5F4752454E414445',650),
	(27,X'47756E53686F70',X'574541504F4E5F425A474153',200),
	(28,X'426C61636B57656173686F70',X'574541504F4E5F425A474153',350),
	(29,X'47756E53686F70',X'574541504F4E5F46495245455854494E47554953484552',100),
	(30,X'426C61636B57656173686F70',X'574541504F4E5F46495245455854494E47554953484552',100),
	(31,X'47756E53686F70',X'574541504F4E5F42414C4C',50),
	(32,X'426C61636B57656173686F70',X'574541504F4E5F42414C4C',50),
	(33,X'47756E53686F70',X'574541504F4E5F534D4F4B454752454E414445',100),
	(34,X'426C61636B57656173686F70',X'574541504F4E5F534D4F4B454752454E414445',100),
	(35,X'426C61636B57656173686F70',X'574541504F4E5F4150504953544F4C',1100),
	(36,X'426C61636B57656173686F70',X'574541504F4E5F43415242494E455249464C45',12000),
	(37,X'426C61636B57656173686F70',X'574541504F4E5F4845415659534E49504552',30000),
	(38,X'426C61636B57656173686F70',X'574541504F4E5F4D494E4947554E',45000),
	(39,X'426C61636B57656173686F70',X'574541504F4E5F5241494C47554E',50000),
	(40,X'426C61636B57656173686F70',X'574541504F4E5F535449434B59424F4D42',500);



/*!40000 ALTER TABLE `weashops` ENABLE KEYS */;
UNLOCK TABLES;

CREATE TABLE IF NOT EXISTS `dpkeybinds` (
  `id` varchar(50) NULL DEFAULT NULL,
  `keybind1` varchar(50) NULL DEFAULT "num4",
  `emote1` varchar(255) NULL DEFAULT "",
  `keybind2` varchar(50) NULL DEFAULT "num5",
  `emote2` varchar(255) NULL DEFAULT "",
  `keybind3` varchar(50) NULL DEFAULT "num6",
  `emote3` varchar(255) NULL DEFAULT "",
  `keybind4` varchar(50) NULL DEFAULT "num7",
  `emote4` varchar(255) NULL DEFAULT "",
  `keybind5` varchar(50) NULL DEFAULT "num8",
  `emote5` varchar(255) NULL DEFAULT "",
  `keybind6` varchar(50) NULL DEFAULT "num9",
  `emote6` varchar(255) NULL DEFAULT ""
) ENGINE=InnoDB COLLATE=latin1_swedish_ci;


/*!40111 SET SQL_NOTES=@OLD_SQL_NOTES */;
/*!40101 SET SQL_MODE=@OLD_SQL_MODE */;
/*!40014 SET FOREIGN_KEY_CHECKS=@OLD_FOREIGN_KEY_CHECKS */;
/*!40101 SET CHARACTER_SET_CLIENT=@OLD_CHARACTER_SET_CLIENT */;
/*!40101 SET CHARACTER_SET_RESULTS=@OLD_CHARACTER_SET_RESULTS */;
/*!40101 SET COLLATION_CONNECTION=@OLD_COLLATION_CONNECTION */;
